id,domain,status,purchase_price,renewal_price,attractiveness,demand,length,registrar,created_at,expires_at,status_verified_at
c92fe66a-bb91-418e-a034-3c77bc98659e,asur.pictures,available,15.49,15.49,medium,low,4,namesilo,,,20/09/2026 16:43
4f0f0be9-7154-4b34-8525-36a10df2295d,recommend.pictures,available,9.99,,high,low,9,name.com,,,
281b74f7-0067-4d24-8590-5d9321f2536a,cytotoxic.pictures,available,14.99,18.99,medium,low,9,name.com,,,13/08/2026 14:44
7eb76daf-4ffb-4c36-8471-a545291bc809,subtly.pictures,available,15.49,15.49,medium,low,6,namesilo,,,16/09/2026 07:33
2f0b418e-2cb0-4bd2-b944-5214bb4b21c6,flesh.pictures,available,15.49,15.49,high,low,5,namesilo,,,25/09/2026 21:58
f61ac862-6776-4e29-9f43-cb80cfa9e29f,acacia.pictures,available,16.48,20.98,high,low,6,namecheap,,,16/09/2026 19:59
d519049a-596c-4198-9126-738ecf3c967f,scriptural.pictures,available,14.99,18.99,medium,low,10,name.com,,,09/08/2026 18:55
24f5bc6b-53c1-474c-a818-81d1d5295175,softness.pictures,available,15.49,15.49,high,low,8,namesilo,,,21/09/2026 23:37
01e61c4e-b919-4c0a-8bfa-300de86bfc17,veto.pictures,available,15.49,15.49,high,low,4,namesilo,,,03/09/2026 15:01
e22f9f1d-60e3-462a-ab3a-897bf0ac242c,gin.pictures,premium,16.9,16.9,high,low,3,namecheap,,,24/09/2026 18:31
877b4c1d-4ae4-4550-bc3f-788255f6f39f,ellipsoid.pictures,available,14.99,18.99,medium,low,9,name.com,,,16/08/2026 04:37
f3944674-38e9-43b2-9407-d31b23c814b2,indigo.pictures,resell,,,high,low,6,Dynadot Inc,16/02/2026 17:00,16/02/2027 17:00,26/09/2026 06:50
a8389388-c24b-4fdf-963a-7f9773593ab1,defection.pictures,available,14.99,18.99,medium,low,9,name.com,,,19/09/2026 19:16
6fcfa037-51f1-47de-b6df-f3b0dcb49ace,lepanto.pictures,available,15.49,15.49,medium,low,7,namesilo,,,22/09/2026 15:21
471be719-3f17-45ec-845e-2b1914a05bfc,ubiquitous.pictures,available,15.49,15.49,high,low,10,namesilo,,,04/09/2026 13:54
21209e33-8a2f-4ac0-b148-03d70276a103,pronto.pictures,premium,78.54,78.54,high,medium,6,namesilo,,,15/09/2026 21:44
116ce499-2f7f-49c9-9406-299f2933d619,abstention.pictures,available,16.48,20.98,medium,low,10,namecheap,,,16/09/2026 18:27
c68afe80-ae53-4503-9194-4f9758165d19,pauline.pictures,available,15.49,15.49,high,low,7,namesilo,,,08/09/2026 10:51
efe380fb-5e73-4b62-beb8-2eb946e73179,avoiding.pictures,available,16.48,20.98,high,low,8,namecheap,,,28/09/2026 03:32
4a244125-fe36-43db-8b34-5bfe912c98c1,bennington.pictures,available,16.48,20.98,high,low,10,namecheap,,,23/09/2026 08:33
d2ef5f25-e544-460c-b9c0-179f165fc32d,fluorescence.pictures,available,15.49,15.49,medium,low,12,namesilo,,,27/09/2026 23:02
5c328d09-7140-4236-b79a-fed1de946a44,genital.pictures,available,14.99,18.99,medium,low,7,name.com,,,18/08/2026 21:40
15ca9862-7601-4dca-8c9b-b8086f27507e,everett.pictures,available,14.99,18.99,high,low,7,name.com,,,25/09/2026 21:45
e235750a-f26c-4025-b814-f4130ecf300f,bering.pictures,available,15.49,15.49,high,low,6,namesilo,,,23/09/2026 04:03
fc5d0752-82e2-495b-9778-f784d56fec8d,kara.pictures,available,15.49,15.49,high,low,4,namesilo,,,27/09/2026 16:38
31882ba1-5a6d-449b-9b9d-a6357b17f3b7,spring.pictures,available,15.49,15.49,high,medium,6,namesilo,,,23/09/2026 01:43
50470f67-36f1-4c96-984c-dc06ea4f607a,allopathic.pictures,available,14.99,18.99,medium,low,10,name.com,,,
34aa5f52-31d6-4acc-88b9-ab71b2870ed8,shifting.pictures,available,16.48,20.98,high,low,8,namecheap,,,27/09/2026 21:05
789630db-b941-4907-9e6c-94912d8704e7,incertain.pictures,available,14.99,18.99,medium,low,9,name.com,,,22/08/2026 01:10
c91e3cfb-276e-4cb5-b6f6-0aea97b5f63c,beneficial.pictures,available,14.99,18.99,high,low,10,name.com,,,09/08/2026 14:24
c7992818-674a-41f0-9270-4d3f3d03ea19,nonplussed.pictures,available,14.99,18.99,medium,low,10,name.com,,,07/08/2026 10:48
d2b89086-074f-46e0-939e-5c8065aaeb71,offprint.pictures,available,15.49,15.49,high,low,8,namesilo,,,10/09/2026 03:57
c8ec3b60-b9a4-45d0-adc4-a1a01deeb483,burry.pictures,available,14.99,18.99,medium,low,5,name.com,,,08/08/2026 17:29
8406a448-1a5c-4525-84bd-2c599e906f6f,psalms.pictures,available,15.49,15.49,high,low,6,namesilo,,,24/09/2026 07:04
a3662351-70be-4f8c-90af-fd26ae2b0694,kilometer.pictures,available,9.99,,high,low,9,name.com,,,
34b100c9-ffa1-406c-aa4e-bd0b613b48d3,lgbtq.pictures,available,9.99,,high,low,5,name.com,,,
216a3701-9e51-4321-b24d-d39a93b66805,dearest.pictures,available,14.99,18.99,high,low,7,name.com,,,09/08/2026 13:50
60f84586-5b69-4400-a0be-6e4808c18112,nec.pictures,premium,15.34,15.34,high,medium,3,namesilo,,,25/09/2026 23:52
7073259f-d954-407e-aa2a-8c5d52244a72,beguiled.pictures,available,14.99,18.99,medium,low,8,name.com,,,09/08/2026 09:46
acd81ebe-a63e-47bd-9b60-66f73891bdb8,herself.pictures,available,15.49,15.49,medium,low,7,namesilo,,,26/09/2026 03:24
7ed9994c-b58b-4809-bfa8-181b463fa45c,impeccably.pictures,available,14.99,18.99,medium,low,10,name.com,,,15/09/2026 02:11
21d40f9a-109b-4f11-97a1-270eff2d3752,terse.pictures,available,14.99,18.99,high,low,5,name.com,,,22/08/2026 18:16
86460193-e9b0-4b9b-9841-f518434c6964,biting.pictures,available,14.99,18.99,high,low,6,name.com,,,08/08/2026 16:41
bf30fc86-2337-40d7-82ce-171b67b17d1e,insurance.pictures,available,15.49,15.49,high,medium,9,namesilo,,,27/09/2026 06:59
d1bcdc78-4d94-4641-90e4-6e020ee06d66,oaxaca.pictures,available,15.49,15.49,high,low,6,namesilo,,,28/09/2026 06:30
4fb36e32-5f49-4ac0-b019-72aa721c4804,player.pictures,available,15.49,15.49,high,low,6,namesilo,,,28/09/2026 05:03
d0030863-6cab-43a2-8754-c8ea64364a69,unrevealed.pictures,available,15.49,15.49,medium,low,10,namesilo,,,12/09/2026 08:09
39abd8e1-a09a-4b34-81f1-01808a3ef3b6,thorpe.pictures,available,9.99,,high,low,6,name.com,,,
8125e00f-f223-43ff-8561-03890cee7dda,backbiter.pictures,available,15.49,15.49,medium,low,9,namesilo,,,21/09/2026 15:08
05e1ee64-24e5-404e-978f-25b1c47d0e05,modeller.pictures,available,9.99,,high,low,8,name.com,,,
3a45e561-7ba1-48dc-92ec-f227251f50ee,nicky.pictures,available,9.99,,high,low,5,name.com,,,
a3ba057e-08eb-4b8e-a3f2-07e1078f4742,exemplary.pictures,available,16.48,20.98,high,low,9,namecheap,,,21/09/2026 18:58
b05801b3-793e-4bdf-9d0c-0cfda2cc1d15,mechanism.pictures,available,16.48,20.98,high,low,9,namecheap,,,24/09/2026 14:15
5be19e69-d424-45d4-bb8d-a561dccdfb8e,mendicant.pictures,available,14.99,18.99,medium,low,9,name.com,,,24/08/2026 20:08
b70a1f24-24f2-4a5e-93a1-c0f43ee082ee,turns.pictures,available,15.49,15.49,medium,low,5,namesilo,,,18/09/2026 14:48
9e6f96fd-4dac-4a3d-9654-b2185c9c0a9c,bawd.pictures,available,14.99,18.99,medium,low,4,name.com,,,13/08/2026 14:22
7b398bd4-742c-419d-8e64-fc13afd48a7c,fireworks.pictures,available,15.49,15.49,high,low,9,namesilo,,,27/09/2026 21:35
72d2530f-f83a-496a-ac94-956c53b37b46,adalia.pictures,available,15.49,15.49,medium,low,6,namesilo,,,17/09/2026 06:12
a8fa147f-17e8-49d5-b9e2-0ca4fcd91595,apis.pictures,available,16.48,20.98,high,medium,4,namecheap,,,19/09/2026 17:28
21ea21eb-42d4-4e32-addf-41716d7f78da,factitious.pictures,available,14.99,18.99,medium,low,10,name.com,,,17/08/2026 20:27
3da1bb8c-2be8-4fa2-814f-b489c2638956,gangly.pictures,available,14.99,18.99,medium,low,6,name.com,,,18/08/2026 20:09
79971c69-4bfb-4cdb-ace3-7b41af179667,lausanne.pictures,available,12.62,12.62,high,low,8,spaceship,,,27/09/2026 14:41
31aba0f7-4bc3-465f-97ff-ad961d1546d3,rounder.pictures,available,14.99,18.99,medium,low,7,name.com,,,23/08/2026 00:51
5efb889d-9d6d-42a9-adbe-85fa79917099,allograft.pictures,available,15.49,15.49,medium,low,9,namesilo,,,18/09/2026 11:54
17f1d7a4-a104-4862-bf3b-7c070b1cfe44,bacitracin.pictures,available,16.48,20.98,medium,low,10,namecheap,,,21/09/2026 14:25
29f2c1f8-a150-4674-b958-f2ecd77e337e,searching.pictures,available,16.48,20.98,high,low,9,namecheap,,,25/09/2026 09:44
6c8d370f-770e-4d5f-ba37-8e87ffb84980,sprouted.pictures,available,15.49,15.49,high,low,8,namesilo,,,10/09/2026 16:55
01890871-1a34-416e-bd08-0e1fd610dbec,barbell.pictures,available,15.49,15.49,high,low,7,namesilo,,,22/09/2026 04:49
0bca0755-483c-49f6-a356-994a9c5d765e,doomed.pictures,available,14.99,18.99,medium,low,6,name.com,,,14/08/2026 15:57
a6f79064-d60e-4c51-8f02-beb86f3630df,massages.pictures,available,15.49,15.49,medium,low,8,namesilo,,,20/09/2026 09:22
cef3c827-de58-450c-955c-988ef78aace3,bijou.pictures,available,15.49,15.49,high,low,5,namesilo,,,23/09/2026 15:32
b2d6adf3-ce04-4310-9b0c-2511592eb083,continually.pictures,available,9.99,,medium,low,11,name.com,,,
aa54c18e-d615-4994-98b3-1f1f17afb90f,internal.pictures,available,16.48,20.98,high,low,8,namecheap,,,25/09/2026 09:40
cd16f513-9e77-422e-903e-229a2f209df9,paved.pictures,available,15.49,15.49,high,low,5,namesilo,,,08/09/2026 10:53
a8ee3475-69f5-42b7-b896-3dcc1875ff4c,integrate.pictures,available,12.2,12.2,high,low,9,cloudflare,,,28/09/2026 06:58
0d8fb0fa-c6a6-4c0d-a5a8-c01c04e91d54,potts.pictures,available,15.49,15.49,medium,low,5,namesilo,,,28/09/2026 04:13
cc615b09-ee31-4ccd-ace4-e9374dc123e9,accented.pictures,available,14.99,18.99,medium,low,8,name.com,,,
52bda6c2-c033-451a-9fee-b7f27df91ee2,upright.pictures,available,14.99,18.99,high,low,7,name.com,,,17/08/2026 12:05
58b3f575-e73b-4a3a-8c6c-46f58b05f7dc,convenient.pictures,available,14.99,18.99,high,low,10,name.com,,,23/09/2026 15:48
9b05f406-bcb4-4f71-9a73-0aec9bea083b,fogy.pictures,available,14.99,18.99,medium,low,4,name.com,,,18/08/2026 13:08
7c21ea86-25fa-40e2-968a-07683b6c4e5b,pound.pictures,available,9.99,,high,low,5,name.com,,,
c7d77346-93a6-42cf-88eb-0d7d700f3823,oft.pictures,premium,16.9,16.9,high,low,3,namecheap,,,14/09/2026 20:06
1be0b0c2-3810-4b51-9c37-8c1136bf5dc2,zymoid.pictures,available,15.49,15.49,medium,low,6,namesilo,,,13/09/2026 15:55
a8d5e667-0553-4ffd-a557-f0345d4fc08c,typed.pictures,available,15.49,15.49,high,low,5,namesilo,,,17/09/2026 22:44
4d46a32e-6ab2-405c-b109-46832c81f96e,vixenish.pictures,available,15.49,15.49,medium,low,8,namesilo,,,13/09/2026 06:24
b405048e-8461-4154-8fc4-c4381be96ee5,hai.pictures,premium,,,high,low,3,,,,27/09/2026 16:50
f081c438-3805-4cfb-af5d-ada842a6e12e,circuitry.pictures,available,15.49,15.49,high,low,9,namesilo,,,28/09/2026 02:48
221da0da-96a9-435b-b230-8503de732bb4,bawdy.pictures,available,14.99,18.99,medium,low,5,name.com,,,09/08/2026 02:05
78dcc4f2-7e58-4950-9fd5-04f1dba95238,tangerine.pictures,available,15.49,15.49,high,low,9,namesilo,,,11/09/2026 07:55
6147cd49-4f02-4929-bf37-1b8d33c8792b,reasonably.pictures,available,16.48,20.98,medium,low,10,namecheap,,,25/09/2026 11:58
6d910b25-048d-4f01-a506-22978570b850,cocksure.pictures,available,14.99,18.99,medium,low,8,name.com,,,12/08/2026 15:00
9c54223b-71df-4ad6-adb9-919ddc6cfbe5,allegedly.pictures,available,14.99,18.99,medium,low,9,name.com,,,13/09/2026 19:04
79c9777d-1c23-4f3a-abc4-49d127d2ab6a,daytime.pictures,available,9.99,,high,low,7,name.com,,,
12e8f85f-4e92-48ba-b67f-0fd255d9309a,bequest.pictures,available,15.49,15.49,high,low,7,namesilo,,,23/09/2026 09:04
d823be67-2556-48e7-a077-456f918627ef,argonauta.pictures,available,15.49,15.49,medium,low,9,namesilo,,,20/09/2026 04:32
23969a6c-d0a6-4637-800c-1a789628a05a,jaggy.pictures,available,14.99,18.99,medium,low,5,name.com,,,17/08/2026 12:34
8ae26429-0818-4253-ab06-fe3694ba1f84,repugnant.pictures,available,14.99,18.99,medium,low,9,name.com,,,
a53b6970-f2cb-47ed-b804-823de47987fd,promenade.pictures,available,15.49,15.49,high,low,9,namesilo,,,18/09/2026 16:56
f351e88c-18fc-4b0f-b3ef-73086876ac4a,skimp.pictures,available,15.49,15.49,medium,low,5,namesilo,,,09/09/2026 22:34
a14d3885-5948-43a4-868e-a232c147dfd6,multiplication.pictures,available,9.99,,medium,low,14,name.com,,,
8638f7ea-9c9f-4fef-a1a2-106830f7bc98,accuracy.pictures,available,16.48,20.98,high,low,8,namecheap,,,16/09/2026 23:21
de3425a5-4045-4fe8-a1aa-36016ba5bd57,adjunction.pictures,available,16.48,20.98,medium,low,10,namecheap,,,17/09/2026 08:25
ad621c38-ac6f-4860-b199-90051bebedcb,affix.pictures,available,15.49,15.49,high,low,5,namesilo,,,17/09/2026 14:37
136d4cf1-7144-4bf7-b41a-1ef87e0074df,bubbly.pictures,available,14.99,18.99,high,low,6,name.com,,,11/08/2026 07:16
352ef420-e094-4acf-a3c7-8a419d1ad012,vaulting.pictures,available,14.99,18.99,high,low,8,name.com,,,04/09/2026 21:34
2b7425d0-f2bc-4e28-89ce-9b94b7c93388,derivative.pictures,available,14.99,18.99,high,low,10,name.com,,,14/08/2026 03:01
85e15e11-797d-4c80-94ee-f1bc0e19d255,bold.pictures,resell,,,high,medium,4,Dynadot Inc,04/07/2026 17:00,04/07/2027 17:00,26/09/2026 04:31
f5e4176e-ed27-4b6e-89e0-de37755f9536,compositae.pictures,available,16.48,20.98,medium,low,10,namecheap,,,20/09/2026 17:02
203e9ab9-7d2e-4769-8b10-15ff91a28b64,initials.pictures,available,15.49,15.49,medium,low,8,namesilo,,,28/09/2026 08:37
1f345e05-8a29-4d23-abd8-a7eebe6d204c,carpet.pictures,available,9.99,,high,low,6,name.com,,,
3fc09451-44e9-4725-9b2f-e7e3044da3c0,rattled.pictures,available,14.99,18.99,medium,low,7,name.com,,,18/08/2026 09:33
b1d976ec-9785-482f-aa6a-4244e3e8083a,continuant.pictures,available,14.99,18.99,medium,low,10,name.com,,,12/08/2026 23:17
72ed43de-77be-45dd-9311-73ddfc8d2872,gaslighter.pictures,available,9.99,,medium,low,11,name.com,,,
ae7e442f-87ec-4eac-98de-1baf94275774,rome.pictures,premium,242,242,high,low,4,namesilo,,,25/09/2026 03:56
e8f0fa39-0817-4452-999d-f21501b5b119,metrical.pictures,available,14.99,18.99,high,low,8,name.com,,,24/08/2026 22:08
e08fcf33-340c-4ceb-b146-a3b3c9f0517d,replay.pictures,available,15.49,15.49,high,low,6,namesilo,,,17/09/2026 05:07
73be97bf-be6a-477e-827b-b168f2393346,enquirer.pictures,available,16.48,20.98,high,low,8,namecheap,,,20/09/2026 14:24
3dfc0aa7-a5d9-4855-b86a-3f7523f9ebb7,shall.pictures,available,9.99,,high,low,5,name.com,,,
35e0ecd3-400c-4a65-a023-7670209aa598,bier.pictures,available,15.49,15.49,medium,low,4,namesilo,,,23/09/2026 13:47
010fba1a-faac-473c-9c1b-497bbff2b2d1,resister.pictures,available,15.49,15.49,medium,low,8,namesilo,,,17/09/2026 10:48
835931ca-6d71-4c31-b183-5abf550d8ffe,maidenly.pictures,available,14.99,18.99,medium,low,8,name.com,,,24/08/2026 13:14
30a20fba-e690-419e-800e-b2fe29d82c6a,cleavage.pictures,available,16.48,20.98,high,low,8,namecheap,,,24/09/2026 15:29
ab62a08e-a8e6-4e5e-af84-9da057f68949,baneful.pictures,available,14.99,18.99,low,low,7,name.com,,,08/08/2026 09:44
0d2ac5a3-2561-4a8d-a753-8575da67a751,premium.pictures,available,15.49,15.49,high,medium,7,namesilo,,,27/09/2026 05:00
39265a34-2cd0-447c-9009-b3ad42c7608b,validly.pictures,available,15.49,15.49,medium,low,7,namesilo,,,16/09/2026 10:42
7e246a23-2bad-4303-8fe6-94bbc3d0dbe5,dafla.pictures,available,15.49,15.49,medium,low,5,namesilo,,,16/09/2026 16:37
b1a4925a-1475-4df1-8500-c5bace8b860b,ammunition.pictures,available,15.49,15.49,high,low,10,namesilo,,,18/09/2026 22:05
f0e6ffbd-9749-425e-9246-ab37b601d5ca,occipital.pictures,available,15.49,15.49,medium,low,9,namesilo,,,04/09/2026 00:11
57b67e7b-2979-425b-8768-01504e019a8e,kauri.pictures,available,15.49,15.49,medium,low,5,namesilo,,,17/09/2026 16:32
8ed087e9-9a98-4c10-bb84-9b736a3fd785,gibe.pictures,available,15.49,15.49,medium,low,4,namesilo,,,22/09/2026 04:17
f1278dab-c204-4bdc-8a56-3a546ef4105e,grumble.pictures,available,14.99,18.99,high,low,7,name.com,,,20/08/2026 20:38
22275d4a-9474-4e4b-9d19-c23dfee2f8a4,painted.pictures,available,15.49,15.49,high,low,7,namesilo,,,25/09/2026 23:19
7071454c-099c-47d8-a832-a2033b8eefb0,impelling.pictures,available,14.99,18.99,medium,low,9,name.com,,,21/08/2026 22:04
644650fd-63f6-4d7d-9a58-3e5be0802d64,soda.pictures,available,16.48,20.98,high,low,4,namecheap,,,25/09/2026 10:32
e2091e4a-7db8-40e7-844a-526cb81fcb2a,lashing.pictures,available,14.99,18.99,medium,low,7,name.com,,,22/08/2026 20:10
dfa3f28c-eff3-48a7-bd21-ef0a28d66343,draconian.pictures,available,14.99,18.99,medium,low,9,name.com,,,14/08/2026 18:10
a5e627ff-6502-4787-a691-e6163a6fdb07,glistening.pictures,available,14.99,18.99,high,low,10,name.com,,,20/08/2026 14:30
f564d199-7db9-4d00-83ae-203fa335b930,estimating.pictures,available,9.99,,medium,low,10,name.com,,,
aaecffe7-aab6-4de8-9dbc-d50663d569ef,drawback.pictures,available,15.49,15.49,medium,low,8,namesilo,,,24/09/2026 23:54
b5584694-b0fa-4d0d-93ae-5a55a93859bc,terrific.pictures,available,15.49,15.49,high,low,8,namesilo,,,25/09/2026 00:17
541ac663-ef98-4818-a8bc-4bc6f02406c6,congregational.pictures,available,9.99,,medium,low,14,name.com,,,
edd20c2b-95c3-48de-a143-b25685e07338,koch.pictures,available,15.49,15.49,high,low,4,namesilo,,,25/09/2026 08:52
95633b56-253a-4586-835e-54ef4c9ea49e,mathews.pictures,premium,15.34,15.34,medium,low,7,namesilo,,,27/09/2026 01:56
4f85e7d1-4a03-4c1c-887f-947ff33c233a,welles.pictures,available,15.49,15.49,high,low,6,namesilo,,,27/09/2026 04:13
db61d704-468b-43b6-93f4-a0dad8e0fa6e,recommendation.pictures,available,9.99,,high,low,14,name.com,,,
8c5cfd13-0eed-403f-85c7-adbb87cd2df2,murmured.pictures,available,15.49,15.49,medium,low,8,namesilo,,,18/09/2026 02:23
15549e2e-26d6-4293-862f-830a65a5bc97,dearie.pictures,available,14.99,18.99,high,low,6,name.com,,,13/08/2026 18:19
dbd1b761-95e7-4112-b416-4287c3e86083,goldman.pictures,available,15.49,15.49,high,low,7,namesilo,,,25/09/2026 05:32
6e4a2f09-212d-4c4f-bc7b-6859f73deda2,replacement.pictures,available,9.99,,high,low,11,name.com,,,
d323cd54-bbab-4ead-a0ff-a5ae40e02f19,debonair.pictures,available,14.99,18.99,high,low,8,name.com,,,12/08/2026 05:58
0c06a27c-04e5-4f65-9518-5277efbcbb08,saddening.pictures,available,9.99,,medium,low,9,name.com,,,
652095aa-7010-4dcf-ae3d-e9f03cab390e,exposure.pictures,available,15.49,15.49,high,low,8,namesilo,,,08/09/2026 13:44
71305bbb-d98a-4a9e-b6a1-bd1add8e085a,enmity.pictures,available,15.49,15.49,medium,low,6,namesilo,,,19/09/2026 12:26
393b1eba-f989-41e7-96cd-8ef31c7ccd41,afford.pictures,available,15.49,15.49,high,low,6,namesilo,,,25/09/2026 11:07
35fd8f97-0945-4643-bb54-0bc9a0fd8bc8,forgive.pictures,available,9.99,,high,low,7,name.com,,,
57dd73e0-a488-4d1e-9f85-823cac58e538,youthful.pictures,available,15.49,15.49,high,low,8,namesilo,,,13/09/2026 04:18
10fb9eb9-a915-44b8-91d1-7f6fcab429fe,bodyguard.pictures,available,15.49,15.49,high,low,9,namesilo,,,24/09/2026 06:33
77db0ec5-f058-4229-b8ea-657b4db03b54,partizan.pictures,available,15.49,15.49,high,low,8,namesilo,,,08/09/2026 02:09
d39bfd92-9c54-4851-94fe-ce14cd9ca2fb,reunions.pictures,available,15.49,15.49,medium,low,8,namesilo,,,21/09/2026 08:16
1baa6437-f565-441e-a4da-9db543d7b55d,microwave.pictures,available,9.99,,high,low,9,name.com,,,
acf49b97-89d5-4dac-a62d-e1dec166fedb,jones.pictures,available,15.49,15.49,high,low,5,namesilo,,,25/09/2026 00:23
542bb2d5-7263-4206-a909-1dc154ef83ed,britain.pictures,available,9.99,,high,low,7,name.com,,,
b0196b99-0e69-4c8f-a2fc-d9045ca068e2,mauve.pictures,available,14.99,18.99,high,low,5,name.com,,,24/08/2026 17:37
e141af9b-700b-4f2b-afd5-b89c41f7215e,reservation.pictures,available,15.49,15.49,high,low,11,namesilo,,,16/09/2026 11:10
c92408ec-9470-44da-b018-df57d370ab81,geodetic.pictures,available,14.99,18.99,medium,low,8,name.com,,,18/08/2026 22:21
c36b1d82-ac36-435c-ba00-f2c7311c5a05,banian.pictures,available,15.49,15.49,medium,low,6,namesilo,,,22/09/2026 02:05
4c15ba7c-0b4f-4791-8053-4dde5c0e5ac9,mutative.pictures,available,14.99,18.99,medium,low,8,name.com,,,03/09/2026 11:48
071e581b-81c6-4ea8-8f75-061c29a25b32,cocky.pictures,available,14.99,18.99,high,low,5,name.com,,,12/08/2026 15:02
48829fff-d59f-40d0-86bc-6f34f03b3b0a,authorities.pictures,available,15.49,15.49,medium,low,11,namesilo,,,27/09/2026 02:17
60300f9e-5dad-4554-b428-3d63fa8a5cc1,marduk.pictures,available,15.49,15.49,medium,low,6,namesilo,,,21/09/2026 12:06
ff050514-35aa-4fdf-b0d7-ed4e99c3ae97,sycamore.pictures,available,15.49,15.49,high,low,8,namesilo,,,16/09/2026 23:36
99dbabb9-5aa8-4220-a835-12aa264091fc,sperm.pictures,available,9.99,,high,low,5,name.com,,,
e8e65520-0657-46cd-83ad-02743deb44ff,parole.pictures,available,12.62,12.62,high,low,6,spaceship,,,28/09/2026 05:28
879d4197-4479-4390-8398-bb991d7c701e,furthermore.pictures,available,15.49,15.49,high,low,11,namesilo,,,17/09/2026 08:41
6668d3e3-1d31-4154-8ee1-7f928346504d,alonso.pictures,available,15.49,15.49,high,low,6,namesilo,,,18/09/2026 07:29
60cfe761-c53b-46ca-8035-944ca47f59df,frenzy.pictures,available,16.48,20.98,high,low,6,namecheap,,,24/09/2026 21:40
dd4639da-c66c-42d3-8b4e-0f3764dbc51c,communication.pictures,available,15.49,15.49,high,low,13,namesilo,,,25/09/2026 03:16
9a36c65a-3a96-4f39-b1b8-0d1cea007ae9,abortus.pictures,available,15.49,15.49,medium,low,7,namesilo,,,16/09/2026 16:40
e19f372b-144d-4b2a-a076-5960282072f4,stealthy.pictures,available,14.99,18.99,medium,low,8,name.com,,,18/08/2026 19:00
ad40b261-34b0-4263-a9b0-bf816d48282b,reaches.pictures,available,16.48,20.98,high,low,7,namecheap,,,18/09/2026 18:09
7a4084ab-accd-425c-9001-9b8837885cf7,allegretto.pictures,available,14.99,18.99,high,low,10,name.com,,,
36cf6e19-fa7c-42c6-a957-649f0b97a69d,breeding.pictures,available,14.99,18.99,high,low,8,name.com,,,11/08/2026 03:36
cef684bc-2814-495b-92ad-8c8e444a3c42,artful.pictures,available,14.99,18.99,high,low,6,name.com,,,06/08/2026 22:44
80c6f92b-ebbd-4bfe-ac58-dcfb7c248fb5,lions.pictures,available,9.99,,high,low,5,name.com,,,
b8d48c26-e628-4baa-b1c6-f9653b9e616c,tow.pictures,premium,15.34,15.34,high,low,3,namesilo,,,
7387e84b-91e6-45b8-8efc-106413cb50c2,possessed.pictures,available,15.49,15.49,medium,low,9,namesilo,,,28/09/2026 03:28
2de53a4b-c914-4346-ab29-042a49db43a6,shucks.pictures,available,14.99,18.99,high,low,6,name.com,,,13/08/2026 16:16
f8f992ba-81fb-4365-9c1d-e4234cc9a1e0,vaccinated.pictures,available,14.99,18.99,high,low,10,name.com,,,21/08/2026 21:34
ee4579c8-8c21-440b-b142-d20794900f82,aiming.pictures,available,12.2,12.2,high,low,6,cloudflare,,,28/09/2026 07:21
cf68a8a1-1e4a-436c-a13e-c91266abdd00,guggenheim.pictures,available,16.48,20.98,high,low,10,namecheap,,,27/09/2026 04:18
ef43a993-a6b0-48a1-ae52-fc9ec97df84e,miss.pictures,available,16.48,20.98,high,low,4,namecheap,,,27/09/2026 03:56
43c239e4-bd27-4388-81ce-b7902163fefd,anglophobe.pictures,available,15.49,15.49,medium,low,10,namesilo,,,19/09/2026 06:55
c8b3038b-82de-4228-abad-64f51ea7c52b,throttle.pictures,available,15.49,15.49,high,low,8,namesilo,,,16/09/2026 21:47
877aad95-6691-449a-9a70-78238c712988,humbled.pictures,available,14.99,18.99,medium,low,7,name.com,,,21/08/2026 15:00
fef5ea8b-c87d-4e70-a9eb-1fdb0acaf3d6,valiant.pictures,available,15.49,15.49,high,low,7,namesilo,,,13/09/2026 00:55
e5250ac8-2010-4471-a480-909f6c6a2a31,fateful.pictures,available,14.99,18.99,medium,low,7,name.com,,,11/08/2026 13:32
40a9be6b-16c0-42e9-a909-8c6381d536e0,unselected.pictures,available,16.48,20.98,medium,low,10,namecheap,,,12/09/2026 19:14
839a5dac-c86e-439a-b005-c6e95d9ae04b,gorbachev.pictures,available,12.2,12.2,medium,low,9,cloudflare,,,28/09/2026 05:51
2d4d03c6-a4fd-4083-9286-985e05cbd678,sugars.pictures,available,15.49,15.49,medium,low,6,namesilo,,,18/09/2026 08:14
dcc936a7-8ea3-4fb6-a1f3-91fa142c1f38,activate.pictures,available,15.49,15.49,high,low,8,namesilo,,,28/09/2026 06:46
5dae6657-950e-4351-9a35-a7953d68411e,bleach.pictures,available,15.49,15.49,high,low,6,namesilo,,,24/09/2026 03:49
815ebee1-b1b2-42e9-b50a-56c8e5e6640f,clubable.pictures,available,14.99,18.99,medium,low,8,name.com,,,12/08/2026 12:57
0f389020-6c4e-4023-8a87-55f6eb0195d4,packaged.pictures,available,15.49,15.49,high,low,8,namesilo,,,04/09/2026 22:44
ce9172d6-f810-4228-8e44-468c537868cf,liberties.pictures,available,15.49,15.49,medium,low,9,namesilo,,,18/09/2026 04:52
b199df22-7849-49c4-8f51-0a9152aac233,lyric.pictures,available,15.49,15.49,high,low,5,namesilo,,,25/09/2026 15:47
0b8a9d10-dcc9-4e81-928b-e895882271e6,awl.pictures,premium,15.34,15.34,high,low,3,namesilo,,,21/09/2026 10:07
91b16ad2-91ba-4443-a31d-bcef9bd65ffe,godhead.pictures,available,14.99,18.99,medium,low,7,name.com,,,
ee844430-a182-45a5-9954-5b10692dae82,breathless.pictures,available,14.99,18.99,medium,low,10,name.com,,,11/08/2026 03:23
50ba869d-ab4f-4ff9-a8fe-25c97a5d7205,accountants.pictures,available,15.49,15.49,medium,low,11,namesilo,,,20/09/2026 02:26
4fe5034d-aab4-4402-9fcb-3ab309226089,barcelona.pictures,premium,23.6,23.6,high,low,9,namesilo,,,22/09/2026 05:08
03fc3974-a94a-4949-a8f3-d38a954b7731,argonaut.pictures,available,15.49,15.49,medium,low,8,namesilo,,,20/09/2026 04:31
6903d488-91b7-47a7-b478-1663ef5b68f7,begin.pictures,available,8.24,13.06,high,low,5,dynadot,,,28/09/2026 08:26
b4624be4-f75b-46ea-8b74-73c71b497129,alleged.pictures,available,15.49,15.49,high,low,7,namesilo,,,22/09/2026 01:19
6730e279-105a-4775-9617-26860abbf1f6,unpackaged.pictures,available,15.49,15.49,medium,low,10,namesilo,,,12/09/2026 16:23
1a4b2042-9180-4b01-b6c8-5059043304d3,enchant.pictures,available,14.99,18.99,high,low,7,name.com,,,21/08/2026 07:46
9834afb6-cdd7-48b3-bd62-f28da3aac3f5,give.pictures,available,9.99,,high,low,4,name.com,,,
1bd0d28f-7bc4-4de1-bdc2-aa32dd9a2e36,minded.pictures,available,14.99,18.99,high,low,6,name.com,,,24/08/2026 23:35
fc86734f-f4f5-4067-bef0-f19d69a65319,lxxxii.pictures,available,14.99,18.99,medium,low,6,name.com,,,
4d413889-bba6-4fa7-8160-5ccb951b5ac9,cupboards.pictures,available,15.49,15.49,medium,low,9,namesilo,,,20/09/2026 06:12
29fef2c1-32cf-4aff-929b-32ddf5fe439b,montreal.pictures,premium,250,,high,low,8,name.com,,,
432de746-8890-42ac-9621-dbc550c99e51,spare.pictures,available,15.49,15.49,high,low,5,namesilo,,,24/09/2026 15:52
874b0615-b066-443e-9f3d-de8cdb839edc,asteroid.pictures,available,15.49,15.49,high,low,8,namesilo,,,22/09/2026 10:17
56f31f81-2305-476b-8dae-43e748678d6b,llb.pictures,premium,15.34,15.34,high,low,3,namesilo,,,21/09/2026 14:13
d36e2fd6-2fff-4002-8614-f3a86eab12a0,abode.pictures,available,15.49,15.49,high,low,5,namesilo,,,16/09/2026 16:25
cabb9df1-42d6-49b6-b475-38171bdc872a,accidents.pictures,available,8.24,13.06,medium,low,9,dynadot,,,28/09/2026 05:03
94ea69a2-a3a5-45e1-bc53-9daf8e396dd0,theater.pictures,premium,23.6,23.6,high,low,7,namesilo,,,28/09/2026 03:50
8603e873-ae61-4313-bb55-06b2fc7f1657,prohibited.pictures,available,14.99,18.99,medium,low,10,name.com,,,08/08/2026 13:48
3d603399-1867-4b4a-ae71-9a16b3c724c1,deniable.pictures,available,14.99,18.99,medium,low,8,name.com,,,14/08/2026 01:50
2ed76ed4-8a05-4a90-87e4-f1900a1a6d7a,thiamine.pictures,available,15.49,15.49,medium,low,8,namesilo,,,19/09/2026 05:38
fc58bb03-5137-45ee-89f0-d97ee3d5f99f,submersed.pictures,available,15.49,15.49,medium,low,9,namesilo,,,10/09/2026 23:32
952979df-a90f-4bec-9ed8-e095b8b7cb18,engineering.pictures,available,15.49,15.49,high,low,11,namesilo,,,28/09/2026 02:50
b0aa9c89-69ca-42b9-9c7e-309e83524c25,error.pictures,available,14.99,18.99,high,low,5,name.com,,,24/09/2026 16:56
d477b586-8f21-4cd2-9f38-fc2067ba934c,ballplayer.pictures,available,16.48,20.98,high,low,11,namecheap,,,21/09/2026 23:25
5c354288-0bbc-42ab-bc5d-90b0ee90b97b,monitory.pictures,available,14.99,18.99,medium,low,8,name.com,,,
dc48d43c-97e5-4876-840e-395c532b58b5,ecuadorian.pictures,available,14.99,18.99,high,low,10,name.com,,,22/08/2026 01:40
0f073852-b8fb-41f4-b2dd-b83d92a2ba17,resilient.pictures,available,14.99,18.99,high,low,9,name.com,,,10/08/2026 21:47
04c81b6c-4825-4351-83ac-42c3c08ee8a0,properly.pictures,available,14.99,18.99,medium,low,8,name.com,,,13/08/2026 21:12
6c6981e9-9e65-4ba3-b9ab-6056e5b9163b,lithic.pictures,available,14.99,18.99,medium,low,6,name.com,,,24/08/2026 07:28
60ff8e77-72c0-4715-8bce-987e632c4697,dandy.pictures,available,14.99,18.99,high,low,5,name.com,,,08/08/2026 12:30
886c6d6f-c753-4591-8c32-40e081ae8871,permutable.pictures,available,16.48,20.98,medium,low,10,namecheap,,,08/09/2026 17:50
b7189edb-686f-41ea-9bd0-a1d4713fbced,trinity.pictures,available,16.48,20.98,high,medium,7,namecheap,,,21/09/2026 13:07
90c34e28-08e7-4f34-93f0-cc193c56428b,quaternary.pictures,available,14.99,18.99,medium,low,10,name.com,,,
6cb22ad7-5faa-4d3f-9fd9-3a2fefd002f0,argentic.pictures,available,14.99,18.99,medium,low,8,name.com,,,06/08/2026 18:06
470f57a4-7544-4285-97f5-384f67e2936a,matchless.pictures,available,14.99,18.99,high,low,9,name.com,,,24/08/2026 17:00
1e061e5d-be6d-4356-a8d8-00ec8683c904,abulia.pictures,available,16.48,20.98,medium,low,6,namecheap,,,16/09/2026 16:41
137b341f-6856-48a5-8192-9acaba66cf19,enchained.pictures,available,14.99,18.99,medium,low,9,name.com,,,12/08/2026 01:24
4f566163-0fff-47d7-a9cd-e74427674a1b,boniface.pictures,available,14.99,18.99,medium,low,8,name.com,,,19/09/2026 19:19
1aaf5725-a4fc-4241-b299-0782eb732cec,thracian.pictures,available,15.49,15.49,medium,low,8,namesilo,,,11/09/2026 14:10
ffd3b2c0-10c9-43cc-8ee4-afde61427395,kfc.pictures,premium,15.34,15.34,high,low,3,namesilo,,,16/09/2026 23:46
83221df0-6dc3-4970-856e-2e46cc1e2fe9,heels.pictures,available,15.49,15.49,high,low,5,namesilo,,,27/09/2026 10:19
60b76bce-d669-45de-aa57-471f34080383,folder.pictures,available,9.99,,high,low,6,name.com,,,
3fa8ac5f-d896-4ac0-be05-7c6e510308ca,wholesome.pictures,available,9.99,,high,low,9,name.com,,,
c9769518-92eb-4d4b-954a-9a711550a43b,given.pictures,available,15.49,15.49,high,low,5,namesilo,,,24/09/2026 22:16
76833f9a-2082-4f64-95e8-f5c477fde493,assyria.pictures,available,15.49,15.49,medium,low,7,namesilo,,,20/09/2026 16:47
db74557e-e323-4fa6-b3b0-a94e388a6ae9,baldachin.pictures,available,16.48,20.98,medium,low,9,namecheap,,,21/09/2026 21:30
49343fbb-1b64-4840-8806-79f5d3bb1045,thug.pictures,available,15.49,15.49,medium,low,4,namesilo,,,27/09/2026 08:15
8c85334e-69b4-4822-be15-860e18abdb62,cruel.pictures,available,15.49,15.49,high,low,5,namesilo,,,22/09/2026 17:21
5b9b4531-4fb7-4282-a94a-ef10c6a41281,mocking.pictures,available,14.99,18.99,medium,low,7,name.com,,,14/08/2026 02:52
08e465f7-d6ad-45d5-88d2-c124d3cfe871,makings.pictures,available,15.49,15.49,high,low,7,namesilo,,,20/09/2026 04:27
6347a6a9-d0ac-4e93-9999-16604bd2205b,trips.pictures,available,8.24,13.06,medium,low,5,dynadot,,,27/09/2026 22:50
a92e166b-d29a-424d-81cc-f93d82ca0e34,protean.pictures,available,15.49,15.49,high,low,7,namesilo,,,09/09/2026 04:06
6632fcb7-2d7d-4d9d-a1e0-becb385ddab8,flood.pictures,available,9.99,,high,low,5,name.com,,,
5e28fe66-1050-44f2-8c8d-5775187944d5,point.pictures,available,9.99,,high,low,5,name.com,,,
128a9719-11f3-41a4-adcd-1947ba512cde,anglican.pictures,available,14.99,18.99,high,low,8,name.com,,,
368dd596-ef9f-490c-8743-5399d92fd011,switches.pictures,available,15.49,15.49,medium,low,8,namesilo,,,16/09/2026 23:57
0c01e027-a03e-4439-907d-baf0464566e4,wanton.pictures,available,14.99,18.99,medium,low,6,name.com,,,25/08/2026 07:57
7b4c2dca-e2a4-4bdc-bee8-e91af5792275,gratifying.pictures,available,14.99,18.99,high,low,10,name.com,,,17/08/2026 09:19
070c678b-0e01-48b8-a889-1c13cef32f27,epidemic.pictures,available,15.49,15.49,high,low,8,namesilo,,,24/09/2026 14:35
d2a74d31-6d40-4703-8a28-02723325b366,mining.pictures,available,9.99,,high,low,6,name.com,,,
9e116033-8000-4aea-b785-620941c91526,insinuate.pictures,available,14.99,18.99,medium,low,9,name.com,,,22/08/2026 08:35
885017f0-eb38-4064-8133-991784588dcf,backchat.pictures,available,15.49,15.49,medium,low,8,namesilo,,,21/09/2026 15:20
c99de2b0-6186-49b4-9f95-475e51687451,types.pictures,available,15.49,15.49,high,low,5,namesilo,,,18/09/2026 16:19
0d6921f4-5ad3-44b8-821f-bdab916d55b0,enjoyably.pictures,available,16.48,20.98,medium,low,9,namecheap,,,13/09/2026 18:24
bd8e2a4a-a384-4184-99e7-84ae93a657b3,chef.pictures,available,15.49,15.49,high,low,4,namesilo,,,24/09/2026 14:14
8ae0c3b3-e8ea-47c9-ba06-6f93765f3f9c,detect.pictures,available,15.49,15.49,high,low,6,namesilo,,,28/09/2026 06:30
81e1029b-c6e2-4960-85d9-f97dbd7d7037,economic.pictures,available,15.49,15.49,high,low,8,namesilo,,,24/09/2026 13:22
661bb7b4-2bde-463c-bd1e-083e0ba14d24,assuredly.pictures,available,15.49,15.49,medium,low,9,namesilo,,,13/09/2026 22:09
8f6b0e11-5a6a-439e-af07-4d6e656c1fcb,weirdly.pictures,available,16.48,20.98,medium,low,7,namecheap,,,16/09/2026 11:23
82c214bd-7569-4ee1-beab-0577be6bca4a,buttons.pictures,available,9.99,,high,low,7,name.com,,,
b5a371fd-b200-4b55-acf5-b57338b1199f,roadblock.pictures,available,15.49,15.49,medium,low,9,namesilo,,,22/09/2026 08:30
5a2d8af5-7806-44db-8d5f-e7ed9592632a,gerry.pictures,available,15.49,15.49,medium,low,5,namesilo,,,25/09/2026 15:41
0f7fb449-d6b0-4346-832e-c30024450042,dolly.pictures,available,12.2,12.2,high,low,5,cloudflare,,,27/09/2026 13:05
196d3284-2915-41fc-9959-1a2a001bb50b,layered.pictures,available,14.99,18.99,high,low,7,name.com,,,22/08/2026 21:32
0d2d128e-9a85-42b9-a9a5-8190de36a208,duty.pictures,available,9.99,,high,low,4,name.com,,,
c75074ea-2e88-4a98-8a01-1a6ae34f5036,homeward.pictures,available,14.99,18.99,high,low,8,name.com,,,21/08/2026 11:22
82babadd-8e65-496a-bd0d-d054c79ea237,chorus.pictures,available,9.99,,high,low,6,name.com,,,
53d2e11d-8a90-40c3-8f93-7b0f8c5bc8b8,desperate.pictures,available,14.99,18.99,medium,low,9,name.com,,,14/08/2026 03:58
6bc31f90-9d8e-489d-a16c-775b4b36aa6e,hendricks.pictures,available,12.62,12.62,medium,low,9,spaceship,,,28/09/2026 08:45
c37ec401-3b18-4390-a694-801bb4d7872f,desired.pictures,available,15.49,15.49,high,low,7,namesilo,,,24/09/2026 00:57
ea008d45-ef6b-4096-b3fc-5fa2aa1f33bf,combustive.pictures,available,14.99,18.99,low,low,10,name.com,,,12/08/2026 18:42
c18cc7b4-d1b0-4c54-a1d7-9cc4a6974e2a,vacuous.pictures,available,14.99,18.99,low,low,7,name.com,,,07/08/2026 02:52
8d986f76-8b89-4fd1-abac-7c8574700a3a,proven.pictures,available,15.49,15.49,high,low,6,namesilo,,,27/09/2026 08:25
97d8f019-c6a0-4cf9-b7c9-e14e342bf42e,fractions.pictures,available,15.49,15.49,medium,low,9,namesilo,,,20/09/2026 01:27
6e9dace1-5434-4361-ac53-d36d56f64e39,bandstand.pictures,available,16.48,20.98,high,low,9,namecheap,,,22/09/2026 01:32
729b0dd0-19d2-4299-9891-d219e527bede,chelsea.pictures,available,16.48,20.98,high,low,7,namecheap,,,25/09/2026 14:48
9acfe99e-88c7-4454-a4db-de22580bdeed,blossoming.pictures,available,14.99,18.99,high,low,10,name.com,,,18/08/2026 09:04
4853870a-9e7f-4c59-a240-3eec1ae2dc28,walpole.pictures,available,23.99,23.99,medium,low,7,godaddy,,,28/09/2026 01:54
93d331b7-62a8-4221-84cf-0db3c6075975,offshore.pictures,available,15.49,15.49,high,low,8,namesilo,,,04/09/2026 01:37
689a5492-1ebb-49ee-b14a-8714e5bef7ac,assigned.pictures,available,14.99,18.99,medium,low,8,name.com,,,07/08/2026 06:35
e0cdece0-9645-43af-8244-c17056ac22cf,dryness.pictures,available,15.49,15.49,high,low,7,namesilo,,,24/09/2026 22:51
bac83ee8-9f5c-4081-a646-17a66289e90a,tycoons.pictures,available,15.49,15.49,medium,low,7,namesilo,,,19/09/2026 22:53
d7821dc8-69fa-4740-9d57-ddffc687e48e,plaudit.pictures,available,16.48,20.98,high,low,7,namecheap,,,16/09/2026 22:36
0bd0a992-e25c-47f3-80cd-84196b02159d,potatoes.pictures,available,15.49,15.49,medium,low,8,namesilo,,,27/09/2026 02:12
f71a5a01-fdeb-4153-8bc3-04f0b1fe17b5,volkswagen.pictures,available,9.99,,high,low,10,name.com,,,
7d3fb242-fb61-4fbc-9fd1-3fa46cf955f9,whipping.pictures,available,14.99,18.99,medium,low,8,name.com,,,22/08/2026 20:12
52e645be-f6a4-4322-88d9-e12d07de6752,lists.pictures,available,15.49,15.49,medium,low,5,namesilo,,,17/09/2026 08:32
73917529-d4e0-4f1e-ae07-a8e2e726d82a,cambodian.pictures,available,14.99,18.99,high,low,9,name.com,,,11/08/2026 15:40
a8a4c76f-4545-4f07-a6ca-c0eba9f48419,taste.pictures,available,9.99,,high,low,5,name.com,,,
cfec3505-5b8d-4e20-bd69-5899951984c3,goby.pictures,available,15.49,15.49,medium,low,5,namesilo,,,16/09/2026 16:23
7b871a16-9cdd-438b-8a20-f1bd2198ebd2,sisterly.pictures,available,15.49,15.49,high,low,8,namesilo,,,10/09/2026 08:52
4fd5353a-51b1-4d03-8cac-abe01c57120f,dealer.pictures,available,16.48,20.98,high,low,6,namecheap,,,22/09/2026 05:35
ed1ad189-cc52-4711-a683-2eb6d9e0436f,willingness.pictures,available,9.99,,high,low,11,name.com,,,
d67d5af3-89f5-4ebd-ab45-5e05bee9e54d,pacemaker.pictures,available,16.48,20.98,high,low,9,namecheap,,,20/09/2026 11:42
ece99777-89b2-4b07-b811-fd9b33eb8156,active.pictures,available,15.49,15.49,high,low,6,namesilo,,,24/09/2026 06:08
8bf93629-93a4-4451-a47a-d71b40f7d94f,dreamy.pictures,available,14.99,18.99,high,low,6,name.com,,,14/08/2026 18:48
b8369815-2081-48da-9bf5-9ee83b20904b,bronchial.pictures,available,14.99,18.99,medium,low,9,name.com,,,11/08/2026 05:35
2ce56e19-32ee-428c-8b59-56b04113845a,follicular.pictures,available,14.99,18.99,medium,low,10,name.com,,,18/08/2026 10:20
b3714683-4059-45a1-85a9-4491f5ae0d3f,oversexed.pictures,available,14.99,18.99,medium,low,9,name.com,,,21/08/2026 09:17
51b983f4-7411-40bc-890f-801e239122c5,regulated.pictures,available,15.49,15.49,high,low,9,namesilo,,,09/09/2026 13:06
aaa59bf4-b32e-44dd-aa34-fac74a25509f,zygomatic.pictures,available,15.49,15.49,medium,low,9,namesilo,,,13/09/2026 15:39
e4d0b2e9-ea83-4a8e-b477-9a9f97b14a19,gets.pictures,available,15.49,15.49,medium,low,4,namesilo,,,18/09/2026 02:13
567fa015-9f1c-4e73-ad78-79e724654637,widget.pictures,available,16.48,20.98,high,low,6,namecheap,,,19/09/2026 21:50
cc3c0f43-1f95-4e58-bdc8-e939fac9c393,larger.pictures,available,16.48,20.98,high,low,6,namecheap,,,22/09/2026 20:38
776823e7-c1de-4abc-86c4-4cbbe220909e,trader.pictures,available,9.99,,high,low,6,name.com,,,
21e4e2d1-dfe4-4567-b839-93ab11c2cf18,orienting.pictures,available,16.48,20.98,high,low,9,namecheap,,,04/09/2026 17:56
cb8c6060-6dc4-450a-9bed-3106b04f193a,frayed.pictures,available,14.99,18.99,medium,low,6,name.com,,,18/08/2026 14:25
720230a7-1cee-4cf9-8e6e-d7fea07d0caf,lacing.pictures,available,15.49,15.49,medium,low,6,namesilo,,,13/09/2026 11:13
ea4ee9e5-8ca1-46b0-bc90-b5eba726c539,gunner.pictures,available,15.49,15.49,high,low,6,namesilo,,,20/09/2026 11:48
7ac14cd6-0895-41d8-9bca-dafc8999ce1f,honeymoons.pictures,available,15.49,15.49,medium,low,10,namesilo,,,20/09/2026 01:32
06f3bdae-100f-4ba0-abb4-d02741f2a6ef,griffiths.pictures,available,15.49,15.49,medium,low,9,namesilo,,,26/09/2026 03:40
edda2851-ea24-4e4b-94bd-266e0d5f8a6a,prole.pictures,available,15.49,15.49,medium,low,5,namesilo,,,09/09/2026 03:01
abc6d4ef-cbcd-47a0-a4c6-c1fa84bcab5a,dominant.pictures,available,14.99,18.99,high,low,8,name.com,,,14/08/2026 15:41
65406052-2651-4824-b918-c4603a08fc46,molto.pictures,available,15.49,15.49,medium,low,5,namesilo,,,15/09/2026 15:19
6b43e925-9afd-4263-8dfb-1c54a020c394,famed.pictures,available,14.99,18.99,high,low,5,name.com,,,11/08/2026 23:12
7d0f4257-dc1a-443a-8f41-69b06cd22da7,poole.pictures,premium,15.34,15.34,high,low,5,namesilo,,,25/09/2026 17:31
0be47157-b860-4fc4-ae80-e4631b842a5a,methodical.pictures,available,14.99,18.99,high,low,10,name.com,,,24/08/2026 21:56
d2eca11a-381f-417e-b752-6fe6ffc4b9c3,hedonistic.pictures,available,14.99,18.99,medium,low,10,name.com,,,21/08/2026 05:56
c8402f93-5706-488e-ab56-5461548aeee1,mcdonald.pictures,available,9.99,,high,low,8,name.com,,,
1ea8da48-b78a-4ae2-958f-5682fc3d34d7,borgia.pictures,available,15.49,15.49,medium,low,6,namesilo,,,18/09/2026 05:55
8e6acee9-99a3-4010-bdf8-2a67d5b680f3,brands.pictures,available,15.49,15.49,high,low,6,namesilo,,,28/09/2026 04:59
d9190ea0-ad04-4078-afa8-c173218f09c4,bentham.pictures,available,15.49,15.49,medium,low,7,namesilo,,,23/09/2026 08:40
f35c704b-a603-4433-8591-c56415f17ccc,illiteracy.pictures,available,16.48,20.98,medium,low,10,namecheap,,,19/09/2026 01:54
cae6e6e6-7eb8-4766-baea-1e76ffecddc9,timeworn.pictures,available,14.99,18.99,medium,low,8,name.com,,,08/08/2026 11:14
98c011c4-b260-4577-803b-c569b26eb8b5,gimpy.pictures,available,14.99,18.99,medium,low,5,name.com,,,13/08/2026 07:05
4550ea28-4618-4375-a276-c7392c951390,aku.pictures,premium,16.9,16.9,high,low,3,namecheap,,,18/09/2026 00:16
5e190e60-c8f0-4e26-95cf-b974a4412e0e,atole.pictures,available,15.49,15.49,medium,low,5,namesilo,,,20/09/2026 21:52
e3832f6f-521c-437f-b198-0d1caa4b70eb,playful.pictures,available,16.48,20.98,high,low,7,namecheap,,,08/09/2026 20:58
90b926b9-7f47-4864-979c-2fe046d177cd,allice.pictures,available,15.49,15.49,medium,low,6,namesilo,,,18/09/2026 11:05
92690897-e018-47a2-b1ed-b75f3595ad2d,jingling.pictures,available,15.49,15.49,high,low,8,namesilo,,,08/09/2026 03:33
1744c4c8-018c-4fc6-aa54-c8f8c3997f40,stroppy.pictures,available,14.99,18.99,medium,low,7,name.com,,,10/08/2026 17:59
349d115e-3d42-494e-9bae-af16dc3c66d2,opportune.pictures,available,15.49,15.49,medium,low,9,namesilo,,,04/09/2026 16:43
68f642b6-f18d-4848-a86a-6c2ce9763f32,nemesis.pictures,available,15.49,15.49,high,low,7,namesilo,,,22/09/2026 01:42
c330ad9c-fd77-4493-82d0-0187c0053288,divas.pictures,available,15.49,15.49,medium,low,5,namesilo,,,20/09/2026 06:21
607b6399-d164-4af7-b0ce-ba02b8fc41d1,menacing.pictures,available,14.99,18.99,medium,low,8,name.com,,,24/08/2026 19:55
e83b7472-236d-4f6a-a345-f3559997ba98,slain.pictures,available,15.49,15.49,medium,low,5,namesilo,,,10/09/2026 09:53
105437fc-e1c5-4e71-b599-fcd6cbf31dea,adjustable.pictures,available,16.48,20.98,high,low,10,namecheap,,,21/09/2026 18:40
8ecb3e0f-3377-4527-8efd-3bcef768436e,rookie.pictures,available,9.99,,high,low,6,name.com,,,
cfcdd411-1e07-4607-b39d-c6d561e24a79,althea.pictures,available,15.49,15.49,medium,low,6,namesilo,,,18/09/2026 14:54
bb28ffba-e4c0-4322-9733-6e4978fb9615,bahamian.pictures,available,14.99,18.99,medium,low,8,name.com,,,08/08/2026 08:31
ecaf5b22-12f3-4ae9-8e0a-47d627909fc9,whispered.pictures,available,15.49,15.49,high,low,9,namesilo,,,13/09/2026 11:35
9a74ca1e-e05b-41f3-bfe0-39532484c001,monger.pictures,available,15.49,15.49,medium,low,6,namesilo,,,22/09/2026 05:36
79c8b487-1267-4221-bd48-c12d419a917b,leland.pictures,available,12.62,12.62,medium,low,6,spaceship,,,27/09/2026 21:02
b2416452-0b34-45d9-be25-e0602cd3d684,bone.pictures,available,15.49,15.49,high,low,4,namesilo,,,22/09/2026 23:37
23fb9cfe-a94b-4679-97d4-a1063c7c019f,benzedrine.pictures,available,15.49,15.49,medium,low,10,namesilo,,,23/09/2026 08:31
9ca00755-d9d1-4c76-8df8-a0a635db08c6,darter.pictures,available,15.49,15.49,medium,low,6,namesilo,,,19/09/2026 08:19
38f163c6-8ee0-4a26-9ea9-bd3fff859b04,semantic.pictures,available,15.49,15.49,high,low,8,namesilo,,,10/09/2026 02:16
79b56e3f-db4b-4163-8ebc-0cbfd8f5cf0c,ballpoint.pictures,available,15.49,15.49,high,low,9,namesilo,,,21/09/2026 23:21
8b1ef704-d2d6-4044-9332-ddc26723011b,starry.pictures,available,14.99,18.99,high,low,6,name.com,,,10/09/2026 18:58
1e3085f0-3deb-4032-bdb5-5a3d7ce81a33,axon.pictures,available,15.49,15.49,high,low,4,namesilo,,,21/09/2026 10:30
dec85bfe-f281-4839-8e9b-1c27c3f0b8db,heart.pictures,premium,15.34,15.34,high,low,5,namesilo,,,23/09/2026 13:28
cc2d2770-fd92-48dc-8fdc-12e5f81227d6,aperitif.pictures,available,15.49,15.49,high,low,8,namesilo,,,19/09/2026 16:32
3378470a-0c84-482b-a932-e5f418550c38,extends.pictures,available,15.49,15.49,medium,low,7,namesilo,,,18/09/2026 17:32
1e5218db-3bf5-40cc-bdf4-16c3bf7d70b6,approver.pictures,available,15.49,15.49,medium,low,8,namesilo,,,19/09/2026 22:24
d96e1d1c-449c-4cde-a03c-8a4726decfa3,witnessed.pictures,available,12.2,12.2,medium,low,9,cloudflare,,,28/09/2026 08:47
765541d6-2a67-4cd9-ba79-fd7bbde63d33,spender.pictures,available,15.49,15.49,high,low,7,namesilo,,,19/09/2026 09:49
bae4f39d-53e1-4d1a-a23f-a32576602c4b,elsie.pictures,available,15.49,15.49,high,low,5,namesilo,,,27/09/2026 07:34
75b34e56-bae9-4323-ae97-90afaadb54a1,maltese.pictures,available,14.99,18.99,high,low,7,name.com,,,24/08/2026 14:15
dc716ec8-8c8d-4cd0-8e16-518ff066aea6,ordinate.pictures,available,14.99,18.99,high,low,8,name.com,,,12/08/2026 22:29
b96553b1-7122-4c37-8063-07b81cdde210,livable.pictures,available,14.99,18.99,high,low,7,name.com,,,24/08/2026 07:42
42502dc4-389a-4c06-9a62-921b89b814fb,climb.pictures,available,15.49,15.49,high,low,5,namesilo,,,16/09/2026 22:41
bf1f1dc6-1bd3-4935-9244-0180420087ee,carte.pictures,available,14.99,18.99,medium,low,5,name.com,,,23/09/2026 16:04
9ba3aa95-ad8c-49ff-949a-42e05adf337e,benefactor.pictures,available,16.48,20.98,high,low,10,namecheap,,,23/09/2026 07:53
737a5d0a-3e3b-481a-9672-719d3090d3da,hover.pictures,available,9.99,,high,low,5,name.com,,,
f9ff5db9-2216-408a-84bf-c87f727e4ca4,jin.pictures,available,15.34,15.34,high,low,3,namesilo,,,28/09/2026 07:26
71534abc-9ae5-4811-b448-4b0be13f5795,biomedical.pictures,available,14.99,18.99,high,low,10,name.com,,,10/08/2026 02:15
96c8f620-b42f-43ae-a504-5799475823c0,perceptive.pictures,available,14.99,18.99,high,low,10,name.com,,,08/09/2026 16:12
b27fced6-ec57-481b-a608-74feabc660b2,seedcase.pictures,available,14.99,18.99,medium,low,8,name.com,,,12/08/2026 15:07
be4e6dc4-c441-49f1-ba78-5ba99c148c44,arng.pictures,available,15.49,15.49,medium,low,4,namesilo,,,20/09/2026 08:02
78c1f166-163b-4381-9548-d94751e109f2,braces.pictures,available,15.49,15.49,high,low,6,namesilo,,,24/09/2026 07:52
4b94db20-d625-4e43-a415-3291d09959b2,widgeon.pictures,available,15.49,15.49,medium,low,7,namesilo,,,19/09/2026 02:58
088132dc-43e6-4d3f-a8d4-05d7bca1a935,volume.pictures,available,9.99,,high,low,6,name.com,,,
2bf03e7d-beca-4403-9a55-eb79c5c060fa,bastard.pictures,available,14.99,18.99,medium,low,7,name.com,,,08/08/2026 23:19
b6541c2e-e5f3-4f83-b3d9-c26f041e4c8b,turndown.pictures,available,9.99,,high,low,9,name.com,,,
5081f095-e5c5-4c2e-940e-ca6bb85341d8,citrous.pictures,available,16.48,20.98,medium,low,7,namecheap,,,25/09/2026 05:54
279952de-4375-4d83-8b58-9c342bd976d9,enough.pictures,available,16.48,20.98,high,low,6,namecheap,,,24/09/2026 14:04
0cfd773c-47f5-4844-89a1-ce46615eb42d,changer.pictures,available,16.48,20.98,high,low,7,namecheap,,,21/09/2026 05:31
7cfa8bb1-a489-4890-b198-8e0c637b6d79,muffin.pictures,available,9.99,,high,low,6,name.com,,,
9ebe609c-e904-48bb-bc3f-0673c3112fa8,clubby.pictures,available,14.99,18.99,medium,low,6,name.com,,,12/08/2026 11:19
824d7874-efc0-4a80-b246-8dacbe784acb,sequester.pictures,available,14.99,18.99,medium,low,9,name.com,,,12/08/2026 21:06
25a04332-925a-484d-9917-412ff975fe14,rife.pictures,available,16.48,20.98,medium,low,4,namecheap,,,04/09/2026 20:07
db89b92e-9981-4ff1-aee2-5c378a7a474c,crackers.pictures,available,14.99,18.99,medium,low,8,name.com,,,06/08/2026 20:45
bc369198-0848-4379-9d6f-811e62cd8597,colby.pictures,available,15.49,15.49,high,low,5,namesilo,,,28/09/2026 00:47
6913e89b-b6d1-4b34-bb26-dc74a7bade9d,deciduous.pictures,available,14.99,18.99,medium,low,9,name.com,,,13/08/2026 21:26
a154ff6e-763d-43bd-b884-33848f9c753f,blithesome.pictures,available,14.99,18.99,medium,low,10,name.com,,,10/08/2026 14:39
1736b3b5-593f-4fd9-9e63-a0c2e11d5a6e,qaeda.pictures,available,15.49,15.49,medium,low,5,namesilo,,,18/09/2026 00:59
afa674d3-7f04-4ace-87b6-cf363237d838,herewith.pictures,available,14.99,18.99,high,low,8,name.com,,,15/09/2026 00:27
ef91eb4f-1e91-451f-b58f-6d188a604c5f,merrily.pictures,available,15.49,15.49,high,low,7,namesilo,,,14/09/2026 00:25
4d37fe21-d1e9-4d22-a33e-4bc8315b3330,allure.pictures,available,15.49,15.49,high,low,6,namesilo,,,18/09/2026 12:11
818f08aa-9dc9-4965-a170-6a6375e6c45d,oklahoma.pictures,premium,78.54,78.54,high,low,8,namesilo,,,26/09/2026 00:08
63dbf914-f6d1-4bc4-8592-80446b9476c5,grower.pictures,available,14.99,18.99,high,low,6,name.com,,,17/09/2026 19:21
0a72e154-4486-4808-8287-548baccdbd13,apogamy.pictures,available,16.48,20.98,medium,low,7,namecheap,,,19/09/2026 18:27
7f99b05a-10be-48d4-bfcf-35693233854a,efforts.pictures,available,12.62,12.62,medium,low,7,spaceship,,,27/09/2026 22:23
0f258d44-fb71-4e17-b094-2ac6a33fb77f,clxxv.pictures,available,14.99,18.99,medium,low,5,name.com,,,
a11e0ed3-cfa6-4f5b-ba0a-f8f527a111ea,brody.pictures,available,12.2,12.2,high,low,5,cloudflare,,,28/09/2026 07:05
3e8466e0-8e65-4014-9fc1-0e27c0159431,geniality.pictures,available,16.48,20.98,high,low,9,namecheap,,,17/09/2026 14:00
70839ce9-7a58-4d81-9de5-2dd2860ecd53,luteal.pictures,available,14.99,18.99,medium,low,6,name.com,,,24/08/2026 12:07
4506580b-59b7-4b23-9a01-0adc8d0cfa3b,unturned.pictures,available,15.49,15.49,medium,low,8,namesilo,,,12/09/2026 21:54
d192aedf-5d56-44d3-afd3-f705fae2de7e,harquebus.pictures,available,15.49,15.49,medium,low,9,namesilo,,,20/09/2026 08:40
cff052cd-a5cc-497b-bfb6-9a0051486f7c,doherty.pictures,available,12.62,12.62,medium,low,7,spaceship,,,28/09/2026 04:19
2c9ca3d2-6fc5-439b-9f7d-78cb2a449b8d,bearing.pictures,available,16.48,20.98,high,low,7,namecheap,,,22/09/2026 18:34
bb6f0951-c04f-4be0-87b2-da6087396fd3,mirror.pictures,resell,,,high,low,6,"Spaceship, Inc.",01/04/2021 23:37,01/04/2027 23:37,26/09/2026 07:34
395a63c1-0b51-4766-b5ae-dbfc4b09059d,piecemeal.pictures,available,14.99,18.99,high,low,9,name.com,,,10/08/2026 07:07
d8591429-ed71-481b-ae29-5d6f8471a8de,ebert.pictures,available,12.2,12.2,medium,low,5,cloudflare,,,28/09/2026 08:02
047f878a-ff4d-4cc7-80f3-bc2d46be4764,america.pictures,premium,242,242,high,low,7,namesilo,,,
b2f1c4ac-6836-48f8-ad9b-2445b3944ed0,quieten.pictures,available,14.99,18.99,medium,low,7,name.com,,,11/08/2026 15:02
d37960cc-cf29-4dd7-bffc-a69267d665a4,lotic.pictures,available,14.99,18.99,medium,low,5,name.com,,,24/08/2026 10:00
ce1a087f-3411-4442-8a56-339ef403b48d,erase.pictures,available,9.99,,high,low,5,name.com,,,
75bb1a0a-d448-4987-9825-78e69feacccb,tours.pictures,available,9.99,,high,low,5,name.com,,,
da79cb46-371c-4bbc-9fab-02c71070b00d,pants.pictures,available,15.49,15.49,high,low,5,namesilo,,,24/09/2026 06:17
a95361f9-5925-443c-8e1e-95f277f22ddb,mental.pictures,resell,,,high,low,6,"Spaceship, Inc.",23/07/2014 16:00,23/07/2027 16:00,26/09/2026 07:31
b62780e9-f757-4956-b096-442e7e3f284b,horn.pictures,available,15.49,15.49,high,low,4,namesilo,,,21/09/2026 07:21
05461673-b526-43f1-831d-c21ce07cbfcb,joyless.pictures,available,14.99,18.99,medium,low,7,name.com,,,22/08/2026 14:04
6c43cff9-2538-489e-9141-fdf3b051e1b6,stripy.pictures,available,15.49,15.49,medium,low,6,namesilo,,,10/09/2026 22:46
d5371a86-312a-4b86-a4c3-19963277d3b5,absentee.pictures,available,15.49,15.49,medium,low,8,namesilo,,,16/09/2026 17:43
af9df25a-81ab-4076-ba5b-a6c8e5a7c89b,competency.pictures,available,15.49,15.49,high,low,10,namesilo,,,24/09/2026 16:48
57093a45-822d-4c69-a5f9-10f5e23f3e34,assegai.pictures,available,15.49,15.49,medium,low,7,namesilo,,,20/09/2026 15:40
05479520-11eb-413e-b062-6d55352bedca,chester.pictures,available,12.2,12.2,high,low,7,cloudflare,,,28/09/2026 01:40
eb3f15fd-0aa8-4404-88f4-dba11280d42b,linelike.pictures,available,14.99,18.99,medium,low,8,name.com,,,23/08/2026 15:03
e15a4520-42a9-4fcf-99df-dd9b72966c52,coptic.pictures,available,14.99,18.99,high,low,6,name.com,,,13/08/2026 00:36
13bcb2fb-11ab-44a2-8d7c-8801491fc2a2,meat.pictures,available,15.49,15.49,high,low,4,namesilo,,,14/09/2026 23:51
a6a5d599-4695-494b-8ea3-7948450c52c6,laugh.pictures,available,9.99,,high,low,5,name.com,,,
06badfc0-b494-4975-a4df-00b2244ea093,cavalier.pictures,available,14.99,18.99,high,low,8,name.com,,,11/08/2026 22:48
b59a1efe-6515-40a8-9d42-bb888ca2ff2c,brimless.pictures,available,14.99,18.99,medium,low,8,name.com,,,11/08/2026 04:13
d967f7d5-8d7d-41c5-a3fe-f120509a595b,awkward.pictures,available,15.49,15.49,high,low,7,namesilo,,,22/09/2026 15:31
7f023950-4a1f-49d8-945c-f1b5ab6d2718,ritzy.pictures,available,16.48,20.98,high,low,5,namecheap,,,09/09/2026 18:04
8894a4d9-33f4-44d5-a8a4-fc5c360dc861,drool.pictures,available,15.49,15.49,high,low,5,namesilo,,,21/09/2026 23:48
81e20821-b680-413a-8d83-8f098ef6e1f8,arrangement.pictures,available,12.62,12.62,high,low,11,spaceship,,,27/09/2026 21:23
b2486124-6e85-4790-83ad-0abcc2fe3c15,towel.pictures,available,15.49,15.49,high,low,5,namesilo,,,28/09/2026 03:13
dd6df813-a597-4d08-b885-761517b3d3b3,appetising.pictures,available,14.99,18.99,medium,low,10,name.com,,,06/08/2026 06:50
d68a832c-56c3-4721-8417-ba0f326a5a00,cockroach.pictures,available,15.49,15.49,medium,low,9,namesilo,,,24/09/2026 16:13
3f10bf29-f832-4923-8846-40234de30ba8,somesing.pictures,available,9.99,,medium,low,8,name.com,,,
f86cef68-1188-4a25-bb83-d7c87775b96c,bandana.pictures,available,15.49,15.49,high,low,7,namesilo,,,22/09/2026 00:59
9538089c-9884-48fb-ba79-aa1a05ff200f,stones.pictures,available,15.49,15.49,medium,low,6,namesilo,,,26/09/2026 03:37
e36705e1-8dc9-4e0e-983d-3521809932e6,splurge.pictures,available,15.49,15.49,high,low,7,namesilo,,,23/09/2026 17:20
1e8ca77f-554a-448e-858c-a059e5655697,ketchup.pictures,available,15.49,15.49,high,low,7,namesilo,,,24/09/2026 13:10
7319acf6-cbaf-484e-bb68-ee98093a41d0,died.pictures,available,9.99,,low,low,4,name.com,,,
effde8dc-8667-466d-9954-c6e152c80dcf,glaswegian.pictures,available,14.99,18.99,medium,low,10,name.com,,,20/08/2026 14:14
c5ba944d-7d0a-4ac0-b294-dc9cad90d062,looted.pictures,available,14.99,18.99,medium,low,6,name.com,,,24/08/2026 09:45
804fb7a2-bfe9-4641-8631-b1882a7bb1d9,satisfy.pictures,available,9.99,,high,low,7,name.com,,,
d9250757-87d8-4e92-abf3-30548d1c1826,coexisting.pictures,available,14.99,18.99,medium,low,10,name.com,,,12/08/2026 15:32
f8afb138-9d01-4e70-b929-53f7e1ccadfd,eloquent.pictures,available,14.99,18.99,high,low,8,name.com,,,16/08/2026 06:14
76fc41ae-1c44-4983-9b37-522f5fb50ddb,daredevil.pictures,available,14.99,18.99,high,low,9,name.com,,,13/08/2026 17:43
71895e6b-9c9d-4512-9c0d-702c65b2b327,doubly.pictures,available,15.49,15.49,medium,low,6,namesilo,,,14/09/2026 13:48
d75be08d-1208-46b5-bf54-a9d7dbedab78,vibratory.pictures,available,15.49,15.49,medium,low,9,namesilo,,,13/09/2026 05:09
4ae11e23-1bb8-4d4e-a023-9bd8f45d721e,tickling.pictures,available,15.49,15.49,high,low,8,namesilo,,,11/09/2026 15:27
636091e1-11e2-4b0c-895e-a94426f5af05,cyclical.pictures,available,14.99,18.99,high,low,8,name.com,,,13/08/2026 13:34
6a4f7a78-cf44-47de-bbf4-191359a7f680,cryogenic.pictures,available,14.99,18.99,medium,low,9,name.com,,,13/08/2026 09:35
5b42eb17-60ab-407b-8a4d-7b5b6dfc4420,bleriot.pictures,available,15.49,15.49,medium,low,7,namesilo,,,24/09/2026 06:04
6ffee0da-ae5f-4f3d-a114-68a7f22284a9,larson.pictures,available,16.48,20.98,medium,low,6,namecheap,,,27/09/2026 01:48
fc70b23e-d186-4c23-aeea-782a21811683,snowballs.pictures,available,16.48,20.98,medium,low,9,namecheap,,,19/09/2026 21:49
2faa117e-a262-4805-84c9-265cebfc3e69,swoon.pictures,available,14.99,18.99,high,low,5,name.com,,,17/08/2026 21:03
b634c60e-9be6-4f2c-a414-30579f9ac4b2,ismaili.pictures,available,14.99,18.99,high,low,7,name.com,,,22/08/2026 10:53
69659a5a-482f-4ea8-b777-c40296f1a568,painless.pictures,available,15.49,15.49,high,low,8,namesilo,,,04/09/2026 23:04
a637b2ed-065e-45f5-b2a1-a7a30281fd31,rightish.pictures,available,15.49,15.49,medium,low,8,namesilo,,,09/09/2026 17:35
c727fd00-56f7-450e-8bc9-13573cd26f28,paleozoic.pictures,available,15.49,15.49,medium,low,9,namesilo,,,04/09/2026 23:39
ae86438a-d009-4999-b895-ede2149de2e4,quintette.pictures,available,14.99,18.99,medium,low,9,name.com,,,09/09/2026 09:00
126aa947-7919-4061-83f4-a70e829d145f,baa.pictures,premium,15.34,15.34,high,low,3,namesilo,,,10/08/2026 13:40
5c50c317-a5ac-4299-9b4d-f69551c45705,lisbon.pictures,premium,78.54,78.54,high,low,6,namesilo,,,
ae72f919-e983-42ff-af20-f01a814be189,antipodal.pictures,available,14.99,18.99,medium,low,9,name.com,,,
969fd96b-ae6b-492c-b1c3-248171beb154,beforehand.pictures,available,14.99,18.99,medium,low,10,name.com,,,09/08/2026 08:51
fbf0b816-9fe9-473e-8902-902589633425,contestant.pictures,available,14.99,18.99,medium,low,10,name.com,,,14/08/2026 12:45
52baab47-b22d-4e63-9878-494bc311ceaa,arthur.pictures,available,15.49,15.49,high,low,6,namesilo,,,20/09/2026 10:45
6af8df66-8d3c-481c-978c-2241b6bf3360,updated.pictures,available,15.49,15.49,medium,low,7,namesilo,,,18/09/2026 06:09
27a5d762-c38d-4557-a83a-2eb59a23e8c0,tweedy.pictures,available,14.99,18.99,medium,low,6,name.com,,,21/08/2026 11:21
f81aa8ce-f67b-4afc-9a36-a0071df92e92,notices.pictures,available,15.49,15.49,medium,low,7,namesilo,,,20/09/2026 07:18
a0556e8e-a481-4d69-b2cf-a3131f9b2345,breastfeeding.pictures,available,15.49,15.49,high,low,13,namesilo,,,17/09/2026 08:35
40d92557-ceb2-4b3d-8d7e-110f05ed70c1,pens.pictures,available,15.49,15.49,medium,low,4,namesilo,,,20/09/2026 04:15
be8827d0-49de-454e-b8b3-f027e984c689,tylenol.pictures,available,,,high,medium,7,,,,
d3531688-b315-4927-b029-ed4958af3aed,ariose.pictures,available,14.99,18.99,medium,low,6,name.com,,,06/08/2026 19:19
72467b70-5c48-422e-a9bd-4d04b951d0c9,instead.pictures,available,9.99,,high,low,7,name.com,,,
ba9c5166-cccf-4767-944b-3b5f412c66f4,moves.pictures,available,16.48,20.98,high,low,5,namecheap,,,25/09/2026 21:00
0bb78505-39a3-4389-be68-379da624a296,polygonal.pictures,available,15.49,15.49,medium,low,9,namesilo,,,08/09/2026 23:20
c2503274-dc0c-46c3-bd6f-15cfa3e4e72d,equivalent.pictures,available,16.48,20.98,high,low,10,namecheap,,,24/09/2026 14:50
9206c67d-537d-4b52-868f-dae3862f2e4c,pergola.pictures,available,15.49,15.49,medium,low,7,namesilo,,,20/09/2026 01:00
40088984-76ac-4f1a-aaf5-57bd898e3e54,asclepius.pictures,available,15.49,15.49,medium,low,9,namesilo,,,17/09/2026 13:21
4dd1871f-8a8d-4f84-8653-f741dea2e667,mislaid.pictures,available,14.99,18.99,medium,low,7,name.com,,,25/08/2026 01:30
d5499fbc-729f-4f59-b6ac-54cfbaa3d726,projecting.pictures,available,14.99,18.99,high,low,10,name.com,,,22/08/2026 14:48
fc9b56ca-4b66-45e5-a787-5853760d0657,bayonet.pictures,available,16.48,20.98,medium,low,7,namecheap,,,22/09/2026 18:04
ba867b1a-5288-4d75-a842-270033cc567a,elderly.pictures,available,14.99,18.99,high,low,7,name.com,,,21/09/2026 22:30
915e7947-d50c-41cf-8360-c67fc4b822c5,middletown.pictures,available,12.62,12.62,medium,low,10,spaceship,,,27/09/2026 21:20
6420bffc-4655-4422-a89f-e1073e885d34,hoofed.pictures,available,14.99,18.99,medium,low,6,name.com,,,21/08/2026 13:40
ec614ab0-2ee2-44b8-94ed-b60b17cba34d,accomplished.pictures,available,9.99,,high,low,12,name.com,,,
45a15517-6aa6-4370-a80d-e7fb2fdbbd8e,drink.pictures,available,12.62,12.62,high,low,5,spaceship,,,28/09/2026 06:05
c86e8ca3-8031-4436-82fb-9f53a701b0d8,sevener.pictures,available,14.99,18.99,medium,low,7,name.com,,,
a36c7080-b4b0-4bf6-a7f5-9242de3542d8,whorehouse.pictures,available,16.48,20.98,medium,low,10,namecheap,,,21/09/2026 18:13
8c8d8c87-50eb-48ae-9916-deaf8a83ae57,integrated.pictures,available,16.48,20.98,high,low,10,namecheap,,,25/09/2026 08:05
4d6da9d8-4ef8-4ee2-a01e-ae1aa5dd3439,unchained.pictures,available,15.49,15.49,high,low,9,namesilo,,,12/09/2026 04:54
41ce1089-ec2e-494d-9455-65e5b6cd1b78,sense.pictures,available,,,high,medium,5,,,,
08034fac-6cb3-4bdb-b9d4-406eef873b95,debase.pictures,available,14.99,18.99,medium,low,6,name.com,,,
c4638fad-ea33-4657-bbbf-7e06a084e66d,thoughtful.pictures,available,14.99,18.99,high,low,10,name.com,,,21/08/2026 05:59
e74abdda-91e3-496a-8748-e4420a96e26b,ransacked.pictures,available,14.99,18.99,medium,low,9,name.com,,,24/08/2026 09:49
fdfd74fe-5933-4dc7-87b0-a66f13b42889,hock.pictures,available,15.49,15.49,high,low,4,namesilo,,,09/09/2026 16:33
244aa740-9dae-413c-9f30-3279a8868056,karachi.pictures,premium,,,high,low,7,,,,28/09/2026 02:13
350c8156-0297-4778-8b25-388d82ac3d2b,educated.pictures,available,16.48,20.98,high,low,8,namecheap,,,24/09/2026 13:27
9e51d2d3-a137-4d15-829b-27181d7bab4a,bugged.pictures,available,15.49,15.49,medium,low,6,namesilo,,,23/09/2026 10:21
c956c53a-0071-4b52-8279-a7eac40f6829,genes.pictures,premium,14.3,14.3,medium,low,5,dynadot,,,28/09/2026 07:05
3022b16e-6c96-4c07-a9b8-4bb5751e9a66,unequal.pictures,available,14.99,18.99,medium,low,7,name.com,,,22/08/2026 00:15
8be9c246-0743-4fee-9ab0-7ab1c2d632f9,alb.pictures,premium,16.9,16.9,high,low,3,namecheap,,,18/09/2026 02:20
e5cca351-45f2-40c5-a87f-cc450ee11c99,supervised.pictures,available,15.49,15.49,high,low,10,namesilo,,,11/09/2026 02:26
f5d609ee-d82a-44fc-a6f3-7c37c7a088dc,aril.pictures,available,16.48,20.98,medium,low,4,namecheap,,,20/09/2026 05:30
1bd02753-630d-4bdc-88d3-27cc5c9611d5,buff.pictures,available,14.99,18.99,high,low,4,name.com,,,11/08/2026 07:48
8c156130-3d3c-4e45-8764-f8c20f327c5a,vaporing.pictures,available,14.99,18.99,medium,low,8,name.com,,,11/08/2026 00:58
ae4ab64f-77dc-461f-93b4-54b07101ee9a,disk.pictures,available,9.99,,high,low,4,name.com,,,
44efcb2e-b4a3-4c9c-bddc-51786cd72e69,deductible.pictures,available,14.99,18.99,medium,low,10,name.com,,,13/08/2026 22:27
f1fbf23b-0b76-4add-a2f7-7e57f66e3e0b,dauntless.pictures,available,15.49,15.49,high,low,9,namesilo,,,22/09/2026 12:12
34170924-ed4b-4e14-8293-24d0b9f1a074,anode.pictures,available,15.49,15.49,high,low,5,namesilo,,,19/09/2026 11:14
3f4754e2-8fda-47e2-ba19-84a388ecd690,connect.pictures,available,8.24,13.06,high,medium,7,dynadot,,,28/09/2026 07:46
43ddb694-ff2f-42df-8c3a-e8a07e81f798,wikileaks.pictures,available,9.99,,medium,low,9,name.com,,,
624fdecf-e62a-454b-8c3c-5da281ed9dd5,darkening.pictures,available,14.99,18.99,medium,low,9,name.com,,,13/08/2026 18:10
c6540b39-b62b-4b39-b713-1209d46efdaa,applicant.pictures,available,15.49,15.49,high,low,9,namesilo,,,19/09/2026 21:53
274b94e3-7829-48ec-8750-ee2d236b6d41,alger.pictures,available,15.49,15.49,medium,low,5,namesilo,,,18/09/2026 06:56
9af51ad8-7181-4b54-aebe-c3071dd5cdd2,ativan.pictures,available,16.48,20.98,medium,low,6,namecheap,,,20/09/2026 21:30
c561f385-81cf-448b-887a-f5a0eb503221,blotto.pictures,available,14.99,18.99,low,low,6,name.com,,,09/08/2026 15:32
6fe1f5c5-5437-48bd-8226-69a63757c1b8,aeolis.pictures,available,15.49,15.49,low,low,6,namesilo,,,17/09/2026 12:32
8a36c479-6453-4343-ae92-4320a475c5df,malian.pictures,available,14.99,18.99,high,low,6,name.com,,,24/08/2026 14:00
11146b13-c58a-465c-b4fc-db41d642a23a,sumbody.pictures,available,9.99,,low,low,7,name.com,,,
3fd24aee-dcdb-49b5-a6ed-0cacc5feac1d,polygenic.pictures,available,15.49,15.49,medium,low,9,namesilo,,,08/09/2026 23:15
90fba414-be39-439a-90e8-aef36be7c233,elaborate.pictures,available,15.49,15.49,high,low,9,namesilo,,,24/09/2026 07:12
5da41603-0b84-416d-be93-cf523be7c496,arabesque.pictures,available,16.48,20.98,high,low,9,namecheap,,,19/09/2026 23:28
a2abfa55-0dd3-4dad-80c8-dd56566dd649,enormously.pictures,available,15.49,15.49,medium,low,10,namesilo,,,14/09/2026 15:47
0be9ce29-3039-4d6c-bc42-a210fcbd88cd,gibbous.pictures,available,14.99,18.99,medium,low,7,name.com,,,13/08/2026 07:44
48dce0bc-0d27-4ddc-a2b8-eca9c41b5423,juice.pictures,available,9.99,,high,low,5,name.com,,,
1477039e-e565-4741-a0cd-84f898191402,enrich.pictures,available,9.99,,high,low,6,name.com,,,
ad689326-77bd-4fb6-9c8c-564e3e777cf5,lighted.pictures,available,14.99,18.99,high,low,7,name.com,,,21/08/2026 20:09
e122618c-db41-4be2-aa78-987ca7385eec,esther.pictures,available,16.48,20.98,high,low,6,namecheap,,,24/09/2026 06:50
c061b717-e884-4f3f-b913-26e732d6f29c,ferries.pictures,available,15.49,15.49,medium,low,7,namesilo,,,20/09/2026 07:40
4c828293-5e81-49d3-9186-d620bda38f6d,valmy.pictures,available,15.49,15.49,medium,low,5,namesilo,,,22/09/2026 16:13
910c7c27-77e9-4707-9d9e-46c6bbb22bc5,soaking.pictures,available,15.49,15.49,medium,low,7,namesilo,,,14/09/2026 14:28
12ea8103-ddb3-4f17-9cb5-f82b0b099066,blackstone.pictures,available,12.62,12.62,high,low,10,spaceship,,,28/09/2026 04:09
3372a641-9f61-40be-9195-908279e3b3a7,grandmother.pictures,available,9.99,,high,low,11,name.com,,,
b61da825-805e-4318-863b-7d5f585e7277,malcontent.pictures,available,14.99,18.99,medium,low,10,name.com,,,14/08/2026 09:23
8ced8cc7-9276-4684-b37b-37f518567fa7,guadalupe.pictures,available,16.48,20.98,medium,low,9,namecheap,,,25/09/2026 15:36
fd3f2464-315c-444e-941a-1dc772c7e056,gracile.pictures,available,14.99,18.99,high,low,7,name.com,,,20/08/2026 17:29
872188f8-f591-48a2-b14a-2cc8c8ff01d2,buried.pictures,available,15.49,15.49,medium,low,6,namesilo,,,23/09/2026 11:29
461197d0-5e1e-433a-94e1-108473e402e3,adherence.pictures,available,15.49,15.49,high,low,9,namesilo,,,17/09/2026 07:58
965f3cc2-590f-4f76-9529-ae117874530e,railways.pictures,available,16.48,20.98,medium,low,8,namecheap,,,18/09/2026 22:58
5a704167-5f6f-474a-baa3-391918fd1411,arresting.pictures,available,14.99,18.99,high,low,9,name.com,,,06/08/2026 21:47
e60d0a39-d183-412a-b8f1-b51d633b8445,rained.pictures,available,15.49,15.49,medium,low,6,namesilo,,,20/09/2026 05:42
9f0f0786-78af-4e0a-89eb-d29ce4ec827c,frill.pictures,available,14.99,18.99,high,low,5,name.com,,,18/08/2026 23:46
8ac3ec77-886a-4056-969e-7a526ee72602,legitimate.pictures,available,14.99,18.99,high,low,10,name.com,,,22/08/2026 23:04
05d43ad4-5675-4995-a169-58ac4a04d177,amends.pictures,available,15.49,15.49,high,low,6,namesilo,,,18/09/2026 18:41
b196dc86-2ae6-48e5-a75d-77e1ded0af8c,diffusely.pictures,available,15.49,15.49,medium,low,9,namesilo,,,14/09/2026 12:36
550ffea0-7121-44f7-903a-bc33213a43a7,nonplus.pictures,available,14.99,18.99,medium,low,7,name.com,,,21/09/2026 17:34
467ddf5b-7ff2-4b5e-852e-5a6e81225a5d,bulk.pictures,available,9.99,,high,low,4,name.com,,,
176f0a1a-1149-4db9-9c45-1ff639a0f39b,aftershock.pictures,available,15.49,15.49,medium,low,10,namesilo,,,17/09/2026 15:51
0e79aab8-402f-42f2-9bc8-3a28403b7813,walking.pictures,premium,15.34,15.34,high,low,7,namesilo,,,
15738c76-f5b5-4f72-afc9-ca25d250808f,deceptive.pictures,available,14.99,18.99,medium,low,9,name.com,,,13/08/2026 21:16
da3b526a-7fae-4621-8111-16d462ca9000,enjoyable.pictures,available,14.99,18.99,high,low,9,name.com,,,17/08/2026 09:17
bb904a4f-01db-4af6-b43a-4221c7f20328,frenetic.pictures,available,14.99,18.99,medium,low,8,name.com,,,18/08/2026 14:17
b1be870b-41d6-453d-b88f-d48e852e20af,jib.pictures,premium,15.34,15.34,high,low,3,namesilo,,,21/09/2026 22:10
155131fe-7f3f-42e9-8627-4d0876fa08f7,programme.pictures,available,15.49,15.49,high,low,9,namesilo,,,24/09/2026 16:59
90c2b90e-036a-4201-9fc6-da6219b1fa97,vic.pictures,premium,15.34,15.34,high,medium,3,namesilo,,,25/09/2026 12:29
caa54bb0-d032-4e82-8ed4-208f6e6daf1c,meddle.pictures,available,9.99,,medium,low,6,name.com,,,
4a438679-e2e6-4d5f-a7ce-54393e41a7d0,peanuts.pictures,available,12.2,12.2,high,low,7,cloudflare,,,28/09/2026 02:53
4cdc2e20-4cab-46ea-9a7a-dcaab7e86079,goods.pictures,available,9.99,,high,low,5,name.com,,,
7383ee80-fa05-4a57-a0ed-2a47cf2b754d,brummagem.pictures,available,14.99,18.99,medium,low,9,name.com,,,11/08/2026 06:42
c909c438-b3d0-46b2-8510-30c0ce497c48,baptized.pictures,available,14.99,18.99,high,low,8,name.com,,,08/08/2026 14:55
bd668014-8c08-4b79-a117-7484ae197967,cellular.pictures,available,14.99,18.99,high,low,8,name.com,,,11/08/2026 23:32
336c8c85-4f1e-464f-b576-e373122a9501,evidence.pictures,available,14.99,18.99,high,low,8,name.com,,,24/08/2026 15:05
512b0041-c2d5-41c5-935a-fa6e320b39ce,moo.pictures,premium,15.34,15.34,high,low,3,namesilo,,,24/08/2026 10:19
7e6b18e3-bc9e-492f-ab94-18e3c20ff0f8,enate.pictures,available,14.99,18.99,medium,low,5,name.com,,,16/08/2026 21:18
acf229c2-ebc6-432e-9cbf-7cf733d98a68,profitability.pictures,available,16.48,20.98,high,low,13,namecheap,,,28/09/2026 03:43
2960d173-7eba-4332-91f6-5a70804d68eb,preference.pictures,available,9.99,,high,low,10,name.com,,,
097293bf-5763-4483-88ba-afbe6528e74e,joshua.pictures,available,15.49,15.49,high,low,6,namesilo,,,24/09/2026 06:58
70cc4881-2cb0-4d71-9fb1-71933719b202,clueless.pictures,available,14.99,18.99,medium,low,8,name.com,,,12/08/2026 13:05
b6240a7d-4280-41de-9b73-0ecad0e0845d,verdict.pictures,available,15.49,15.49,high,low,7,namesilo,,,27/09/2026 03:56
1a8610b3-6ef7-4da8-9e8d-90e6043c03f5,shelling.pictures,available,15.49,15.49,medium,low,8,namesilo,,,22/09/2026 08:00
e926bd6e-1c59-4717-ac45-2e681e1a41fb,taradiddle.pictures,available,15.49,15.49,medium,low,10,namesilo,,,21/09/2026 23:52
0fbd943e-7e4b-4206-b4f3-c6461f080860,oozy.pictures,available,15.49,15.49,medium,low,4,namesilo,,,04/09/2026 15:30
78645727-996b-498d-ba3b-18ac707524bf,virile.pictures,available,15.49,15.49,medium,low,6,namesilo,,,13/09/2026 06:04
83febe39-bed8-4883-b0a0-c5783e320a2c,benthic.pictures,available,14.99,18.99,medium,low,7,name.com,,,09/08/2026 14:45
42ffae03-b5f8-4bd7-8fb7-3a036724c254,separately.pictures,available,15.49,15.49,medium,low,10,namesilo,,,15/09/2026 08:00
283a9b08-e9d4-404e-ae2d-0f555e792403,softish.pictures,available,15.49,15.49,medium,low,7,namesilo,,,10/09/2026 03:22
e8886ad8-32f6-4899-abc6-a1d6bf5cc4d0,mccarthy.pictures,available,15.49,15.49,high,low,8,namesilo,,,25/09/2026 08:04
9cb33e43-de51-4e41-9006-0a47b691ea5f,avulsion.pictures,available,15.49,15.49,medium,low,8,namesilo,,,21/09/2026 09:54
86a4b4b3-3d37-431d-9943-55204e5e9ace,clogged.pictures,available,14.99,18.99,medium,low,7,name.com,,,12/08/2026 06:41
c67de517-bd6e-4fa0-9c4c-056610168780,alertly.pictures,available,15.49,15.49,medium,low,7,namesilo,,,13/09/2026 18:40
4f3ec297-252c-48a0-be3f-6b6f64453015,ballota.pictures,available,16.48,20.98,medium,low,7,namecheap,,,21/09/2026 23:16
57f06a67-1f52-4a63-b565-e1f3d37f1b1a,effluent.pictures,available,14.99,18.99,medium,low,8,name.com,,,15/08/2026 14:47
40ecfbc7-6544-4165-80a1-48586584bf5d,veggie.pictures,available,15.49,15.49,high,low,6,namesilo,,,19/09/2026 06:34
d117f8d0-1169-4335-a8ef-5b244b0e69a1,olaf.pictures,available,12.62,12.62,medium,low,4,spaceship,,,28/09/2026 07:48
a40fa195-be39-48d6-b132-6a6459caf5d3,faker.pictures,available,15.49,15.49,medium,low,5,namesilo,,,09/09/2026 05:01
c033dc6a-e0e5-44e4-aa2b-c64377adcba8,duodenal.pictures,available,14.99,18.99,medium,low,8,name.com,,,14/08/2026 21:21
cb832a8e-d576-489a-9494-423b66c9448d,siege.pictures,available,15.49,15.49,high,low,5,namesilo,,,23/09/2026 04:50
b001b804-147c-4624-a0d5-751019ea00b1,brutality.pictures,available,15.49,15.49,medium,low,9,namesilo,,,22/09/2026 04:26
8f272ca2-e6c1-4cef-b10d-584fa38c5478,mcgill.pictures,available,16.48,20.98,high,low,6,namecheap,,,25/09/2026 15:23
263041b8-02be-4cd4-9ec2-52ecc2e3ac83,majuscule.pictures,available,14.99,18.99,medium,low,9,name.com,,,24/08/2026 13:26
ff28f131-62f2-443d-a21a-337ad24c27e7,painful.pictures,available,14.99,18.99,high,low,7,name.com,,,
340d418c-8a12-4327-8775-41fc2720a995,heel.pictures,available,9.99,,high,low,4,name.com,,,
93795481-3fef-4cba-b6f0-0efdad22082d,beastly.pictures,available,14.99,18.99,medium,low,7,name.com,,,09/08/2026 04:54
aaaea612-7fd2-49fe-b8f4-67b1b200a53d,cultural.pictures,available,14.99,18.99,high,low,8,name.com,,,13/08/2026 10:15
6122477f-7a3c-43e1-8635-0117822f2902,crooked.pictures,available,14.99,18.99,medium,low,7,name.com,,,13/08/2026 07:51
46e3d497-6cfa-4565-a57d-e395e3c30b26,change.pictures,available,9.99,,high,medium,6,name.com,,,
6fb2ea0c-a728-4ac3-bc51-587b89124fd7,blowy.pictures,available,14.99,18.99,medium,low,5,name.com,,,10/08/2026 15:47
e997fb53-6c38-466f-8deb-6572ffd2a0c3,bilges.pictures,available,15.49,15.49,medium,low,6,namesilo,,,23/09/2026 15:54
f90f2b39-78a4-4d4d-bd87-55ac18a12882,eroticism.pictures,available,15.49,15.49,medium,low,9,namesilo,,,18/09/2026 16:10
2a1cdcb6-6042-4ef0-87f2-14af5fc707eb,leaves.pictures,available,15.49,15.49,high,low,6,namesilo,,,08/09/2026 09:50
8afd22ee-7fd5-470d-bee9-e486df188dcd,part.pictures,available,16.48,20.98,high,low,4,namecheap,,,15/09/2026 19:03
00dd141f-f4d5-43a3-a416-b5a17dca0e68,trap.pictures,available,15.49,15.49,high,low,4,namesilo,,,25/09/2026 15:44
6340ae10-52ca-4758-995c-90a1a6ac771a,acquired.pictures,available,14.99,18.99,high,low,8,name.com,,,
57b37035-45c6-4c55-81e1-b0957bba8991,console.pictures,available,15.49,15.49,high,low,7,namesilo,,,24/09/2026 16:26
926791e6-a675-496b-a0a0-4a5ee9ddfe4c,expects.pictures,available,15.49,15.49,medium,low,7,namesilo,,,20/09/2026 01:39
4754ccd0-a780-443e-a643-972012143098,zoophagous.pictures,available,14.99,18.99,medium,low,10,name.com,,,18/08/2026 07:58
ec12858d-891d-4c03-8cb9-ca570d422f70,attribute.pictures,available,15.49,15.49,high,low,9,namesilo,,,21/09/2026 02:16
884f2e08-c20e-43d5-a4a7-af1f1498b4f0,treason.pictures,available,15.49,15.49,medium,low,7,namesilo,,,23/09/2026 11:25
eeecbca3-2d09-412e-a99e-2f9dab7bc018,livingstone.pictures,available,15.49,15.49,high,low,11,namesilo,,,28/09/2026 04:32
b7e85bba-1f6a-4c11-b3d7-43904d983312,incapable.pictures,available,14.99,18.99,medium,low,9,name.com,,,22/08/2026 00:49
5e68c1ed-aa63-417a-a5e5-44aad6a66d84,gregorian.pictures,available,14.99,18.99,high,low,9,name.com,,,20/08/2026 19:58
500397e7-0b61-4fd8-86cd-c7facb3989ad,mime.pictures,available,14.99,18.99,medium,low,4,name.com,,,24/08/2026 23:33
9e795697-d68d-42ec-8748-eeaf43b69d7b,asmara.pictures,available,15.49,15.49,medium,low,6,namesilo,,,20/09/2026 14:27
49e607db-3801-49e2-a45f-e0724a18b382,falling.pictures,available,14.99,18.99,high,low,7,name.com,,,14/08/2026 19:49
3f6183c5-8aa5-42e2-a4af-37018bdafaaf,carried.pictures,available,15.49,15.49,medium,low,7,namesilo,,,25/09/2026 17:00
5b6ae695-cb8c-4685-adb3-04b1ec341e21,proudly.pictures,available,15.49,15.49,high,low,7,namesilo,,,15/09/2026 21:48
0d492acb-8592-420a-9d1b-73603dda90b7,scrawny.pictures,available,14.99,18.99,medium,low,7,name.com,,,09/09/2026 23:42
eb6484f5-95dc-4ef8-a948-87ecadf1f1e5,taint.pictures,available,15.49,15.49,medium,low,5,namesilo,,,24/09/2026 17:39
8ff94300-6288-4198-b334-7308038dae32,bloch.pictures,available,15.49,15.49,medium,low,5,namesilo,,,28/09/2026 00:50
63ec483c-83ac-469f-8ca0-7a3ba7cd6f3c,rushy.pictures,available,16.48,20.98,medium,low,5,namecheap,,,09/09/2026 20:04
adb46647-2c21-409b-ba8a-9a64ec6827db,rebellious.pictures,available,14.99,18.99,medium,low,10,name.com,,,14/08/2026 09:25
0e5657dd-9942-485a-aff8-4c6004f95b0e,abetment.pictures,available,16.48,20.98,medium,low,8,namecheap,,,16/09/2026 15:17
3349ccd7-f081-43ff-91af-6fc57a206f43,futureless.pictures,available,14.99,18.99,low,low,10,name.com,,,18/08/2026 19:15
e3f0b02c-f9eb-40db-96db-b5dbb934f6bb,aflare.pictures,available,14.99,18.99,medium,low,6,name.com,,,
fd052798-e39a-49d9-b16f-3f8d2f15822d,proposed.pictures,available,15.49,15.49,medium,low,8,namesilo,,,28/09/2026 04:49
b23d5a2f-2f99-441c-b010-c4682d691ec4,drastic.pictures,available,14.99,18.99,high,low,7,name.com,,,14/08/2026 18:27
7f65fda0-9092-455f-b617-9b05d05aeae6,charleston.pictures,premium,78.54,78.54,high,low,10,namesilo,,,
0c5a1b05-571c-4626-a6df-eaf394dda3dc,tacitly.pictures,available,15.49,15.49,medium,low,7,namesilo,,,16/09/2026 07:43
330af66b-b969-4aa1-a53f-ffb388ee3f4b,intercept.pictures,available,12.62,12.62,high,low,9,spaceship,,,28/09/2026 06:03
8e9af5ba-b120-48bb-90d2-d4d49fa8bdca,apparatus.pictures,available,16.48,20.98,high,low,9,namecheap,,,19/09/2026 19:49
c18861f1-4d86-464c-b7eb-78a09d6c62c7,amsonia.pictures,available,16.48,20.98,medium,low,7,namecheap,,,19/09/2026 00:00
f2fbefae-5183-4415-a3b6-aad926928f05,favoritism.pictures,available,15.49,15.49,medium,low,10,namesilo,,,24/09/2026 22:35
d486d6fa-e285-46a2-99ff-06f3d70911f9,activist.pictures,available,15.49,15.49,high,low,8,namesilo,,,21/09/2026 16:34
0edfad9f-9559-414a-a0f9-ce03de35dddf,voting.pictures,available,9.99,,high,low,6,name.com,,,
812d4084-998c-4e00-a183-2ee849b1c68b,mandate.pictures,available,16.48,20.98,high,low,7,namecheap,,,21/09/2026 05:12
84f1c589-420a-43cb-b7ee-e17ce5d89ca9,snobbish.pictures,available,14.99,18.99,medium,low,8,name.com,,,12/08/2026 11:21
644e12b6-c655-41ed-962f-3f057676279b,bracing.pictures,available,14.99,18.99,high,low,7,name.com,,,11/08/2026 00:30
3c1f13ca-f446-4d98-b6fe-c3d186151222,ahorseback.pictures,available,14.99,18.99,medium,low,10,name.com,,,
444ca7b2-f614-4a33-b01a-4d38e4ae257a,topically.pictures,available,15.49,15.49,medium,low,9,namesilo,,,16/09/2026 09:16
53a97277-4152-4d76-a417-cdb1a6a8b054,osmotic.pictures,available,14.99,18.99,medium,low,7,name.com,,,04/09/2026 18:15
6da4e0e3-fbea-4de4-9737-713c555f4578,becalm.pictures,available,15.49,15.49,medium,low,6,namesilo,,,10/09/2026 19:38
91f74ee0-9778-4019-8f2b-31e4830531b1,floored.pictures,available,14.99,18.99,medium,low,7,name.com,,,18/08/2026 08:49
a9a8739f-b34f-49e7-81a2-fc6e263a333a,flaky.pictures,available,14.99,18.99,high,low,5,name.com,,,10/08/2026 10:06
51cb189d-44c4-4d8e-97dd-206cf190b684,weirdness.pictures,available,15.49,15.49,medium,low,9,namesilo,,,23/09/2026 23:18
ff780cf3-1444-456f-b96e-7e0984848a13,unite.pictures,available,15.49,15.49,high,low,5,namesilo,,,24/09/2026 16:23
e4952b1d-818d-459f-9c26-28d08884d145,judy.pictures,available,15.49,15.49,high,low,4,namesilo,,,25/09/2026 11:45
41884282-8c3c-4d56-a725-489d3713ba97,uncapped.pictures,available,15.49,15.49,medium,low,8,namesilo,,,12/09/2026 04:44
f5151baf-3efd-4838-82b1-78f99e75532c,turds.pictures,available,15.49,15.49,low,low,5,namesilo,,,18/09/2026 11:32
ec6b76a6-74db-458a-95e3-97932efcc1be,chancy.pictures,available,14.99,18.99,medium,low,6,name.com,,,12/08/2026 01:41
54025b0e-0d16-493d-90d6-4edfe4c61d9c,heliacal.pictures,available,14.99,18.99,medium,low,8,name.com,,,21/08/2026 06:23
4160b814-60c9-466b-8c5b-24833ad78173,abandon.pictures,available,14.99,18.99,high,low,7,name.com,,,14/08/2026 03:52
bb25c93e-8e7f-4dd8-8908-7af379b62c9d,ink.pictures,premium,23.6,23.6,high,medium,3,namesilo,,,
dfb2ff61-dd2e-4ae2-8a8c-801f3a4edcd3,kidnapper.pictures,available,16.48,20.98,medium,low,9,namecheap,,,16/09/2026 14:52
03bb0c59-9938-4f26-a660-6eaa41e542f9,benzoate.pictures,available,15.49,15.49,medium,low,8,namesilo,,,23/09/2026 08:56
1397c38d-8665-4510-8c36-d76f1e1b528f,adjutant.pictures,available,15.49,15.49,high,low,8,namesilo,,,17/09/2026 08:35
9c7f1165-37f8-44c9-a045-a74004bd3e00,purse.pictures,available,15.49,15.49,high,low,5,namesilo,,,25/09/2026 23:04
48f52541-11eb-4323-a21d-67bc9ec31d42,rounds.pictures,available,15.49,15.49,high,low,6,namesilo,,,27/09/2026 02:23
2cb275ce-a87e-40a8-b810-adf312c14008,consent.pictures,available,15.49,15.49,high,low,7,namesilo,,,08/09/2026 13:17
e2f7c033-be46-4eb4-b5a3-89891bd8fcda,wan.pictures,premium,15.34,15.34,high,low,3,namesilo,,,04/09/2026 23:53
a44a590f-5fdd-478c-a22a-dd3bd6885e4d,amerind.pictures,available,14.99,18.99,medium,low,7,name.com,,,
c25e3c27-8f3f-4054-ac18-7d3dd7d525cf,christ.pictures,available,9.99,,high,low,6,name.com,,,
04a2e738-8950-4b93-9706-3c84b2d6ca6d,tarawa.pictures,available,16.48,20.98,medium,low,6,namecheap,,,21/09/2026 19:26
81b828df-00aa-49c8-8e89-004485399832,coated.pictures,available,14.99,18.99,medium,low,6,name.com,,,12/08/2026 14:14
959bc2aa-a7ba-4ca9-aa94-69e7affeed1a,unmanned.pictures,available,15.49,15.49,medium,low,8,namesilo,,,09/09/2026 13:50
448f4a61-793c-4f6d-9154-93ed3cec44ca,encircled.pictures,available,14.99,18.99,medium,low,9,name.com,,,16/08/2026 22:19
513e9b60-d96b-4f39-989d-f41f392b5f51,aerofoil.pictures,available,15.49,15.49,medium,low,8,namesilo,,,17/09/2026 13:00
a6178558-3295-4eee-8a05-30d419f170b2,randolph.pictures,available,15.49,15.49,high,low,8,namesilo,,,25/09/2026 14:59
cd0cfa33-b30b-4125-8e23-d3d962163875,nine.pictures,available,16.48,20.98,high,low,4,namecheap,,,21/09/2026 13:23
5852b525-f14f-4e18-853d-a0291cc678ba,pluton.pictures,available,16.48,20.98,medium,low,6,namecheap,,,22/09/2026 13:46
dcdb20fa-84b4-4ddb-9049-10b0cdbb53f2,alalia.pictures,available,15.49,15.49,medium,low,6,namesilo,,,18/09/2026 01:40
cf5184c3-6033-45e0-a2f9-e58809b65789,fettered.pictures,available,14.99,18.99,medium,low,8,name.com,,,18/08/2026 02:54
ab0b307a-5566-4322-8443-98447f65df4d,inflected.pictures,available,14.99,18.99,medium,low,9,name.com,,,22/08/2026 04:31
6591e329-7d32-419e-9e44-520151522a40,somali.pictures,available,15.49,15.49,high,low,6,namesilo,,,10/09/2026 13:58
5fe7fe30-9f2f-4b06-808a-643c7fe7cb71,cups.pictures,available,15.49,15.49,medium,low,4,namesilo,,,18/09/2026 07:17
c9c4c2c0-bb4e-468d-870a-86859c935edb,gentlemen.pictures,available,16.48,20.98,high,low,9,namecheap,,,25/09/2026 17:34
ce549e46-ed81-4b14-9c52-80415684cdf4,impression.pictures,available,15.49,15.49,high,low,10,namesilo,,,25/09/2026 11:04
27d7bff0-3c72-4a21-ad64-b1182ef0a180,ambuscade.pictures,available,14.99,18.99,medium,low,9,name.com,,,24/08/2026 12:31
e03aa4e8-4d9a-481b-9621-ac9c1e5f2846,unscathed.pictures,available,14.99,18.99,high,low,9,name.com,,,12/09/2026 12:03
ac9a3752-99ae-4a1a-b122-69e771da2dd6,fragile.pictures,available,14.99,18.99,high,low,7,name.com,,,18/08/2026 13:57
2a523830-9702-412c-a4a4-a976acd5950a,surround.pictures,available,15.49,15.49,high,low,8,namesilo,,,24/09/2026 07:28
49ce1262-69fb-4ea8-8a6b-aa38d053d5f4,fixation.pictures,available,15.49,15.49,high,low,8,namesilo,,,20/09/2026 09:06
3c610523-1637-4656-aead-82a1f0991d58,offstage.pictures,available,14.99,18.99,high,low,8,name.com,,,08/08/2026 06:14
6367337b-f9fa-469a-b5fd-fc916b29f2ef,tito.pictures,available,15.49,15.49,high,low,4,namesilo,,,25/09/2026 23:21
d7662e6d-b772-44df-94ed-632ba0131ea9,accrued.pictures,available,14.99,18.99,medium,low,7,name.com,,,
af84ea1d-665b-4c66-8972-34969c7bc0fc,kirk.pictures,available,15.49,15.49,high,low,4,namesilo,,,25/09/2026 08:51
49c645a7-8dd1-4c50-9afe-b95abaac3a2b,mancunian.pictures,available,14.99,18.99,medium,low,9,name.com,,,24/08/2026 14:36
d6664fd2-7844-44a8-bd9b-20610d7d29f2,zhou.pictures,available,15.49,15.49,high,low,4,namesilo,,,25/09/2026 22:14
880952de-1c18-44e3-8d84-8b083bf01ed3,beachfront.pictures,available,16.48,20.98,high,low,10,namecheap,,,22/09/2026 19:04
b98cb00f-8e8e-4f04-8434-b261e0e0550f,balkan.pictures,available,16.48,20.98,high,low,6,namecheap,,,21/09/2026 22:14
a83c22d3-a3bc-47f4-91f6-1561845a6c0a,unheard.pictures,available,15.49,15.49,medium,low,7,namesilo,,,12/09/2026 12:10
b05adcc8-dad4-49f1-b529-ecc4c15ba350,gaelic.pictures,available,14.99,18.99,high,low,6,name.com,,,11/08/2026 23:40
2aa5dd9e-6d79-4930-9020-c142b26033f1,bellyband.pictures,available,16.48,20.98,medium,low,9,namecheap,,,23/09/2026 06:51
7c21d3b0-62ae-4cc6-8237-820a091c9705,spirally.pictures,available,15.49,15.49,medium,low,8,namesilo,,,16/09/2026 06:13
7414003f-957f-4625-8e9a-d8d4269a7f95,brake.pictures,available,15.49,15.49,medium,low,5,namesilo,,,24/09/2026 08:06
bc1ab104-9de3-4290-86aa-c2cc6cc6ee40,nashville.pictures,premium,78.54,78.54,high,low,9,namesilo,,,
020e243f-2ff0-4cec-99bf-185d38cf6451,acinonyx.pictures,available,15.49,15.49,medium,low,8,namesilo,,,17/09/2026 01:31
1b6aebf6-3cea-455b-874f-0a968b5d7f4b,parve.pictures,available,15.49,15.49,medium,low,5,namesilo,,,08/09/2026 01:27
0c9dae80-83b3-45b0-8a7d-cd6c171c9a56,aroused.pictures,available,14.99,18.99,high,low,7,name.com,,,
3a7b4628-d40f-4c0f-98ac-df73e5bd26d5,obsessive.pictures,available,15.49,15.49,high,low,9,namesilo,,,25/09/2026 23:45
2c1f80b6-9d48-4a4a-9aaf-0d33455b0276,tidily.pictures,available,14.99,18.99,medium,low,6,name.com,,,16/09/2026 09:05
4b2689a6-1f42-4500-973f-0639359e8789,mcgovern.pictures,available,15.49,15.49,medium,low,8,namesilo,,,28/09/2026 08:53
324b404f-5d0d-451e-9e79-8cd795805f84,contrary.pictures,available,15.49,15.49,high,low,8,namesilo,,,23/09/2026 22:29
bf911dc4-01f7-4f89-981c-2fc342ae296a,blackseed.pictures,available,15.49,15.49,medium,low,9,namesilo,,,24/09/2026 03:00
d13f18de-970c-4dc8-83da-62b3712ff740,diabolic.pictures,available,14.99,18.99,medium,low,8,name.com,,,14/08/2026 01:28
19bf3c88-4c5a-49fd-8cc5-ed79eff2d645,ascendent.pictures,available,14.99,18.99,medium,low,9,name.com,,,
567c812d-f121-48b6-9405-30bb24381cf1,earth.pictures,resell,,,high,medium,5,"Spaceship, Inc.",23/07/2014 16:00,23/07/2027 16:00,26/09/2026 05:44
cbb255ab-da43-4595-90fd-2d8fa8ffc926,noaa.pictures,available,15.49,15.49,high,low,4,namesilo,,,28/09/2026 02:28
f159bf8e-56f2-44a8-838f-334228ed017a,jilted.pictures,available,14.99,18.99,medium,low,6,name.com,,,22/08/2026 13:23
33871667-2d30-4b81-b644-4319779c000f,crazed.pictures,available,14.99,18.99,medium,low,6,name.com,,,13/08/2026 05:31
2cf0a8d7-867d-42b2-824a-83d8710701f1,muddy.pictures,available,14.99,18.99,high,low,5,name.com,,,10/08/2026 17:08
8934aa3b-9506-4923-b553-0fefc0430894,sergeant.pictures,available,15.49,15.49,high,low,8,namesilo,,,28/09/2026 06:37
a7f5761e-138a-4235-88ec-408876e6fa47,high.pictures,available,15.49,15.49,high,low,4,namesilo,,,24/09/2026 13:54
d7049968-0d71-4fc5-b86f-23e14d139100,instyle.pictures,available,15.49,15.49,high,low,8,namesilo,,,17/09/2026 05:05
1926be7f-2d58-4574-a1a0-4bf12f23eecb,stages.pictures,available,16.48,20.98,medium,low,6,namecheap,,,16/09/2026 12:11
efacabe9-3a02-4773-8afb-8a19cfad8319,improper.pictures,available,14.99,18.99,medium,low,8,name.com,,,21/08/2026 23:12
407a1b62-2224-4d9d-9846-b20016d8c56a,fundamentalism.pictures,available,9.99,,medium,low,14,name.com,,,
4f8b5aaf-534c-460a-80ad-7dc9045743c5,hibernal.pictures,available,14.99,18.99,medium,low,8,name.com,,,11/08/2026 06:38
8ebaa1d1-bfb2-4669-be49-99d4bbbfadcb,confess.pictures,available,9.99,,high,low,7,name.com,,,
53930888-59fe-4df3-81cd-87ea23f1553a,zoe.pictures,premium,14.3,14.3,high,low,3,dynadot,,,27/09/2026 18:59
84abc13e-cfbf-45d8-8921-0bf8155309b5,persuasive.pictures,available,16.48,20.98,high,low,10,namecheap,,,08/09/2026 18:05
3a8fabd2-1f71-451a-9e46-e40ec1d6a7bf,fit.pictures,premium,16.9,16.9,high,medium,3,namecheap,,,24/09/2026 18:48
32b71907-801a-43a4-b980-644222871c85,confuse.pictures,available,9.99,,high,low,7,name.com,,,
0c40d79f-0755-40d8-97bc-388d130d5b52,undetected.pictures,available,15.49,15.49,medium,low,10,namesilo,,,12/09/2026 07:57
411a9680-cc34-4e6f-8b54-2b7ef4c39573,concord.pictures,available,16.48,20.98,high,low,7,namecheap,,,16/09/2026 22:58
92e26124-8ab3-4926-b280-46cdb00ecaf8,stella.pictures,available,15.49,15.49,high,medium,6,namesilo,,,27/09/2026 04:03
4007f72b-6b3c-4aba-b6db-eaf1898a0e03,request.pictures,available,9.99,,high,low,7,name.com,,,
3357e407-d43c-40d2-9071-1d23b0919c89,polychrome.pictures,available,15.49,15.49,high,low,10,namesilo,,,08/09/2026 23:11
78578b25-b0ab-4cf0-a696-c9fa56dec7fb,narrowed.pictures,available,15.49,15.49,medium,low,8,namesilo,,,03/09/2026 13:27
10cf3a0d-41c6-49dd-adfd-5676626644ef,barish.pictures,available,15.49,15.49,medium,low,6,namesilo,,,22/09/2026 06:05
beb21547-c3cf-404c-96f6-d3e3302fe1da,rod.pictures,premium,16.99,,high,low,3,name.com,,,
07768a37-c242-4623-a05a-e3c11cbee0d8,weinstein.pictures,available,8.24,13.06,high,low,9,dynadot,,,28/09/2026 07:31
8ae2aa24-b608-4c61-b9d6-7b09b427aa8c,riskless.pictures,available,16.48,20.98,medium,low,8,namecheap,,,09/09/2026 17:59
2d3b8f1b-209c-4579-a18f-6e2138277c90,academic.pictures,available,16.48,20.98,high,low,8,namecheap,,,21/09/2026 15:21
6fe03e37-11aa-4b8f-a333-9bdda2c2fd1e,cantaloupe.pictures,available,15.49,15.49,high,low,10,namesilo,,,24/09/2026 12:07
78a71518-94bf-4d6a-9832-4c447af0aeb9,bearded.pictures,available,14.99,18.99,high,low,7,name.com,,,08/08/2026 16:05
7464ffe6-02fa-43f5-b57f-5de62b36c516,bight.pictures,available,15.49,15.49,medium,low,5,namesilo,,,23/09/2026 15:12
87606821-5e4f-41b1-a78b-81b3d09c957d,structurally.pictures,available,16.48,20.98,medium,low,12,namecheap,,,17/09/2026 20:10
121f92e2-082f-4c7a-a2bb-cbb38da1aa30,recoil.pictures,available,15.49,15.49,high,low,6,namesilo,,,21/09/2026 15:32
9aacddeb-5017-4760-bfeb-96f89db9ccd6,silas.pictures,available,12.62,12.62,high,low,5,spaceship,,,27/09/2026 19:41
040d93cc-328c-43b5-ba5d-bd508c053d24,thank.pictures,available,9.99,,high,low,5,name.com,,,
6ca55a51-aa95-41af-9a8f-896a1c962bc7,management.pictures,available,15.49,15.49,high,low,10,namesilo,,,19/09/2026 14:24
2923a31c-6f01-4f49-8afc-98b721db0b34,bellarmine.pictures,available,15.49,15.49,medium,low,10,namesilo,,,23/09/2026 05:54
c541cb1b-655e-4250-8fb0-3e542baefc9f,inscribed.pictures,available,14.99,18.99,medium,low,9,name.com,,,17/08/2026 08:24
bb39675c-2018-4676-bd26-72bf53f67b4f,sweetheart.pictures,available,14.99,18.99,high,low,10,name.com,,,22/08/2026 16:44
f2042a26-b70b-4d37-9120-6cc1619f88b7,abundance.pictures,available,16.48,20.98,high,low,9,namecheap,,,16/09/2026 19:01
f0da4e29-0a63-4fc6-af2b-6bc9b349af6f,ancient.pictures,available,15.49,15.49,high,low,7,namesilo,,,22/09/2026 04:21
f945c6cb-8fdf-4147-b7ca-9768040fcf13,impostor.pictures,available,15.49,15.49,medium,low,8,namesilo,,,09/09/2026 04:59
40714934-aef7-4aa0-aa78-f41e01f82474,navarre.pictures,available,12.2,12.2,medium,low,7,cloudflare,,,27/09/2026 19:38
12934e30-1c7e-4476-9647-751a1f110a1d,courtesy.pictures,available,16.48,20.98,high,low,8,namecheap,,,24/09/2026 18:48
1ed9dc94-1d92-4dd2-bc00-8670f805a5b5,tetrad.pictures,available,14.99,18.99,medium,low,6,name.com,,,
dbcbb717-057b-423e-8454-2938618e4657,equipping.pictures,available,16.48,20.98,medium,low,9,namecheap,,,20/09/2026 07:13
e89ead39-0d25-486c-a373-0ce186da49ac,ampul.pictures,available,15.49,15.49,medium,low,5,namesilo,,,18/09/2026 23:49
6271479f-4fc2-4293-9c53-9ef0b57ad440,poverty.pictures,available,9.99,,medium,low,7,name.com,,,
731d73a6-4a5a-4d58-b4f2-0c774b6b3b14,wilbur.pictures,available,16.48,20.98,high,low,6,namecheap,,,27/09/2026 07:43
63700995-03bf-4a47-9221-f303ebfe611a,delineate.pictures,available,14.99,18.99,high,low,9,name.com,,,14/08/2026 00:39
c1dfb14e-21ee-4873-8142-d8ce04c2ca9c,afterwards.pictures,available,14.99,18.99,medium,low,10,name.com,,,
f03141da-6168-4850-a5dd-beb7a72dcdaa,aligning.pictures,available,14.99,18.99,medium,low,8,name.com,,,
efe421fb-8047-404a-a4c3-a9fe182baa67,victorian.pictures,available,15.49,15.49,high,low,9,namesilo,,,27/09/2026 05:38
8f6840fb-9843-4565-8d2d-344630cd6697,taal.pictures,available,14.99,18.99,high,low,4,name.com,,,
1e804dfa-4334-4545-a197-27934f10eec8,needing.pictures,available,9.99,,high,low,7,name.com,,,
3b468431-68e1-432f-a4ea-53aa638de6fb,inhabited.pictures,available,14.99,18.99,high,low,9,name.com,,,22/08/2026 04:59
b2fb8842-32e0-4e4f-b44a-eaa05056394d,bored.pictures,available,15.49,15.49,high,low,5,namesilo,,,23/09/2026 00:16
fa5e1cdb-3452-468e-9c0c-b8057db631b2,analyze.pictures,available,9.99,,high,low,7,name.com,,,
49fd6825-7d4a-4397-88f9-49027b3e565b,alee.pictures,available,15.49,15.49,low,low,4,namesilo,,,13/09/2026 18:38
5966b728-5f96-44c9-add8-132f0f39c026,forsyth.pictures,available,12.62,12.62,high,low,7,spaceship,,,27/09/2026 21:08
43a7d566-7e64-4446-93df-621683b55127,cast.pictures,available,12.62,12.62,high,low,4,spaceship,,,27/09/2026 20:35
adccc8d7-589d-465f-b76f-879e38c61986,veer.pictures,available,8.24,13.06,high,low,4,dynadot,,,27/09/2026 21:02
93f36292-76db-4645-a000-484c5a2d5c14,traditional.pictures,available,8.24,12.87,high,low,11,porkbun,,,27/09/2026 16:56
e270601b-de68-4297-8d8e-30ca08e75f2b,amusingly.pictures,available,15.49,15.49,medium,low,9,namesilo,,,13/09/2026 19:40
5b224160-0ffe-4f28-bc24-bde53bc8e639,abysmal.pictures,available,14.99,18.99,medium,low,7,name.com,,,
6af8eb15-5a95-4929-ac5b-4fc0d49a5711,amylaceous.pictures,available,14.99,18.99,medium,low,10,name.com,,,
1f84ff40-714c-46d5-a19c-ad7a6f285a38,hausen.pictures,available,16.48,20.98,medium,low,6,namecheap,,,17/09/2026 01:50
c52caef7-c2be-4fea-8102-51ac0b483d42,principal.pictures,available,15.49,15.49,high,low,9,namesilo,,,27/09/2026 05:53
67d497ae-668a-4d5e-bc09-5691e33ba991,drum.pictures,available,14.99,18.99,high,low,4,name.com,,,10/08/2026 18:17
20fb3fc1-afa9-4532-b1c2-608210de3fda,dropped.pictures,available,16.48,20.98,medium,low,7,namecheap,,,25/09/2026 20:16
778c0836-cafd-4deb-b6c1-06eaae156b29,breaker.pictures,available,15.49,15.49,high,low,7,namesilo,,,24/09/2026 08:24
efad9c80-1992-4388-8307-0b91fe67dd6f,netlike.pictures,available,15.49,15.49,medium,low,7,namesilo,,,03/09/2026 16:00
9810154d-1ae7-4438-b63a-ac2ccdeaa8c7,filesharing.pictures,available,15.49,15.49,high,low,12,namesilo,,,18/09/2026 10:05
95ad28e2-ef5b-4c13-8d5b-723a12cbd7db,commonly.pictures,available,9.99,,high,low,8,name.com,,,
957a61e0-74f6-4dbb-b83d-d1f9d468e5e4,rabid.pictures,available,14.99,18.99,medium,low,5,name.com,,,17/08/2026 21:52
1f4a41d6-cb59-4ce9-aa35-29a54f15b451,gut.pictures,premium,13.66,13.66,high,low,3,spaceship,,,28/09/2026 01:05
ffb4c5c1-0f9d-49d3-a9ae-556fa35cc729,passable.pictures,available,15.49,15.49,medium,low,8,namesilo,,,24/09/2026 16:16
a5b12ea1-4d91-49df-92bd-26a60717fbcc,wisely.pictures,available,15.49,15.49,high,low,6,namesilo,,,16/09/2026 00:29
db735e65-914c-4e69-90ed-7d5e910158d5,villainous.pictures,available,15.49,15.49,medium,low,10,namesilo,,,03/09/2026 14:59
a2760842-ada8-4f60-bf1b-a894c3788712,cave.pictures,available,15.49,15.49,high,low,4,namesilo,,,24/09/2026 13:21
1b36c0eb-86bf-4d81-95db-c0c5e56cf9ef,tram.pictures,available,15.49,15.49,high,low,4,namesilo,,,17/09/2026 12:49
940e75bc-12b4-4994-bb92-6628de401b5a,volary.pictures,available,15.49,15.49,medium,low,6,namesilo,,,21/09/2026 09:24
89ec5771-5d90-49e3-88b7-a7022e3f5c57,richly.pictures,available,15.49,15.49,high,low,6,namesilo,,,13/09/2026 19:38
f45a9021-722c-47ca-8b5b-1b90da904aac,carlyle.pictures,available,12.62,12.62,medium,low,7,spaceship,,,28/09/2026 02:01
df74b2b9-7726-4c84-81d6-b6706203cc8e,paraguayan.pictures,available,15.49,15.49,medium,low,10,namesilo,,,08/09/2026 00:55
14ad7524-fb3f-43d8-a036-d015ea4ea3e5,debonaire.pictures,available,14.99,18.99,high,low,9,name.com,,,12/08/2026 05:59
a5ea28f0-6ee1-4c5d-95a5-d2a8a2ec1be7,creatively.pictures,available,9.99,,high,low,10,name.com,,,
03b65442-5111-4775-a7a8-3c4e335b360f,invent.pictures,available,9.99,,high,low,6,name.com,,,
df6937fe-cf5d-4f6f-a11e-499c9a525bd5,idly.pictures,available,15.49,15.49,high,low,4,namesilo,,,15/09/2026 01:38
2021c062-0b1c-4f2a-9223-7e9b72344354,study.pictures,available,15.49,15.49,high,low,5,namesilo,,,27/09/2026 02:04
3f0c00e7-9e3c-4ca0-9af1-313b2e6a1201,keene.pictures,available,8.24,12.87,high,low,5,porkbun,,,28/09/2026 03:36
2d281105-8253-4077-bf67-e7c3fe3a328a,tedious.pictures,available,16.48,20.98,medium,low,7,namecheap,,,23/09/2026 00:32
f031fb77-a9a0-4b71-ae61-7a89490e589d,naively.pictures,available,15.49,15.49,medium,low,7,namesilo,,,15/09/2026 16:00
15e2ad02-d98c-4896-8c93-21394a159b9e,lvi.pictures,premium,15.34,15.34,medium,low,3,namesilo,,,
675d2bed-61ca-44bd-9438-e80ec1cb1f44,championship.pictures,available,15.49,15.49,high,low,12,namesilo,,,27/09/2026 02:00
e9011c99-f56b-4299-926e-b51af0c25cbb,tryst.pictures,available,15.49,15.49,high,low,5,namesilo,,,20/09/2026 16:22
67c5c676-7661-4b6b-b764-feb97db682b6,hag.pictures,premium,15.34,15.34,high,low,3,namesilo,,,23/09/2026 04:44
c8b85531-e5e1-422b-becb-927de4ca96b5,gelatinous.pictures,available,14.99,18.99,medium,low,10,name.com,,,18/08/2026 21:01
3ef77bb9-e778-4a5e-92eb-5950937cc917,observed.pictures,available,15.49,15.49,high,low,8,namesilo,,,22/09/2026 09:25
ab6f4c19-1985-4e7b-aae4-ff93c9b552f0,puzzlement.pictures,available,15.49,15.49,medium,low,10,namesilo,,,21/09/2026 17:39
fa4e0225-2091-4591-a8d4-cceb71fa363a,uncultured.pictures,available,15.49,15.49,medium,low,10,namesilo,,,12/09/2026 06:38
f86f3773-4f6f-4727-a55b-c0c1e6b3e25d,affecting.pictures,available,14.99,18.99,high,low,9,name.com,,,
4222a76e-96c7-4e71-8eb8-b5707758b596,electricity.pictures,available,16.48,20.98,high,low,11,namecheap,,,28/09/2026 07:43
59b5de9e-7212-4bd2-9032-14adfa112b95,anew.pictures,available,16.48,20.98,high,low,4,namecheap,,,13/09/2026 18:03
67e126c4-d8af-46b6-8dbe-8c22fe948ac5,shabby.pictures,available,14.99,18.99,medium,low,6,name.com,,,25/08/2026 06:58
19ad68ac-a25f-488d-8429-82509d8d6f28,pharos.pictures,premium,16.9,16.9,high,low,6,namecheap,,,22/09/2026 19:15
d13743ea-5a93-42ba-8053-1f78cef4f9d0,doctrinal.pictures,available,14.99,18.99,medium,low,9,name.com,,,14/08/2026 14:25
44ce1687-6c41-40d1-acea-c796e4ee0002,reflection.pictures,available,16.48,20.98,high,low,10,namecheap,,,25/09/2026 22:24
33b4d3cd-8fb0-4cbc-a042-6154a5addf52,euclidean.pictures,available,14.99,18.99,medium,low,9,name.com,,,17/08/2026 14:06
08876a16-9ec7-43ca-99e6-a3314f581cc0,passports.pictures,available,15.49,15.49,high,low,9,namesilo,,,20/09/2026 09:52
5d28d1c5-5928-44b0-8732-99473cc5e5ca,alfresco.pictures,available,14.99,18.99,medium,low,8,name.com,,,
b9cd0b90-af4b-48e7-8564-4fdf0419fa2b,medium.pictures,available,12.62,12.62,high,low,6,spaceship,,,28/09/2026 03:02
a17d22d5-6bc5-4a09-8763-48a5411231a5,thou.pictures,available,15.49,15.49,medium,low,4,namesilo,,,21/09/2026 11:11
ed7f663c-2bcb-4835-a471-702db42a608d,homophonic.pictures,available,14.99,18.99,medium,low,10,name.com,,,21/08/2026 13:06
cec7cb2c-db1a-48a9-b949-4f7e36c813ec,ytterbium.pictures,available,14.99,18.99,medium,low,9,name.com,,,20/09/2026 23:38
e112d3cc-4f32-4a99-a5d4-e2a8c86b9354,hominid.pictures,available,14.99,18.99,medium,low,7,name.com,,,21/08/2026 12:39
26f7c1c3-d832-4e60-bf07-d7abd4edce4e,wry.pictures,premium,15.34,15.34,high,low,3,namesilo,,,22/08/2026 10:08
62dfa125-16b5-4980-b271-9617cdb2cf51,nowise.pictures,available,15.49,15.49,low,low,6,namesilo,,,15/09/2026 17:05
894be2ef-9336-4b3f-a010-f9e032361e69,nationally.pictures,available,15.49,15.49,medium,low,10,namesilo,,,03/09/2026 13:44
3b65aca1-9e92-4a7c-a8d5-5c7ec91ad13c,nmr.pictures,premium,13.66,13.66,high,low,3,spaceship,,,28/09/2026 06:29
61fc825a-f1b9-4494-b268-ba9a4730cdf5,sexless.pictures,available,15.49,15.49,medium,low,7,namesilo,,,10/09/2026 05:17
d7095277-d93d-4a23-8b35-f748342d93b6,lienal.pictures,available,14.99,18.99,low,low,6,name.com,,,23/08/2026 01:33
4d175e13-1d9e-4c2d-a596-d4a3ffdbe830,unfinished.pictures,available,15.49,15.49,high,low,10,namesilo,,,12/09/2026 10:17
597e2b49-10b4-4f3f-a2ce-ec4b23d6bdca,likewise.pictures,available,15.49,15.49,high,low,8,namesilo,,,22/09/2026 00:06
bc7a9497-57b7-46ac-921f-aa857ae9c52f,dads.pictures,available,16.48,20.98,medium,low,4,namecheap,,,20/09/2026 10:27
a3f6aae8-4e0d-4fa4-9edd-aed42e6f3e70,receptions.pictures,available,15.49,15.49,medium,low,10,namesilo,,,20/09/2026 06:10
52754f96-2f48-407e-a450-39fd29b75576,zovirax.pictures,available,16.48,20.98,medium,low,7,namecheap,,,17/09/2026 05:42
5d3bc818-7842-4882-a9d9-d1aa697fa074,streisand.pictures,available,15.49,15.49,high,low,9,namesilo,,,22/09/2026 05:03
73417af8-b6fb-4e3a-997e-bfee7d4a3be8,implausible.pictures,available,,,medium,low,11,,,,
4b9d62c3-c9aa-40df-83ff-16e77eeba3b4,swart.pictures,available,15.49,15.49,medium,low,5,namesilo,,,11/09/2026 05:22
97d00d7b-9c7f-4ef1-a4e6-4e1e910a5c91,alicia.pictures,available,15.49,15.49,high,low,6,namesilo,,,27/09/2026 07:22
864b5c52-a454-481b-a574-bda2d6bad467,labial.pictures,available,14.99,18.99,medium,low,6,name.com,,,22/08/2026 17:19
5ff69692-2f19-4ed2-8a98-0e8ec5e3f3e6,sizzling.pictures,available,15.49,15.49,high,low,8,namesilo,,,10/09/2026 09:17
1bef0494-af19-4b26-9de9-daa434fb1390,nettled.pictures,available,,,medium,low,7,,,,
f8937016-435b-4311-a4c0-bbca4bd8f720,dissembler.pictures,available,16.48,20.98,medium,low,10,namecheap,,,08/09/2026 19:10
554b7a5a-668e-4029-8dda-0ec2c753f200,dishonor.pictures,available,9.99,,medium,low,8,name.com,,,
b57d54a3-5622-457a-9f78-37942f5f007a,categorically.pictures,available,9.99,,medium,low,13,name.com,,,
9f1a45bf-f56b-4e97-b034-6459a9d3c8cd,constable.pictures,available,15.49,15.49,high,low,9,namesilo,,,24/09/2026 17:31
89de6964-ba28-4a34-b983-ce896a9e2d5f,uniting.pictures,available,14.99,18.99,high,low,7,name.com,,,18/09/2026 15:39
1d3e700b-d989-40bd-92d4-71fc95e3ca1a,fascinating.pictures,available,9.99,,high,low,11,name.com,,,
83cea9d5-f110-4560-a553-e8021aea321b,rootbound.pictures,available,15.49,15.49,medium,low,9,namesilo,,,09/09/2026 00:46
2c238b3e-777a-42ec-9a9e-20596898a558,plc.pictures,premium,15.34,15.34,high,low,3,namesilo,,,25/09/2026 12:32
de4255bf-8c86-4983-857f-e1935cd4c697,right.pictures,available,16.48,20.98,high,low,5,namecheap,,,23/09/2026 23:38
7754eb4d-2824-4dec-abc0-0f0b0eccc456,multicolor.pictures,available,15.49,15.49,high,low,10,namesilo,,,03/09/2026 10:35
c75d9e25-3c64-4357-a945-d43c5fa32435,normative.pictures,available,14.99,18.99,medium,low,9,name.com,,,03/09/2026 21:19
b3da17b8-65e0-4f31-96ba-08157f15c59a,normality.pictures,available,9.99,,high,low,9,name.com,,,
bbd5366d-51be-47ad-aec3-11e342fca5a0,alfatah.pictures,available,15.49,15.49,medium,low,8,namesilo,,,18/09/2026 00:22
3391b2c1-8b12-42e5-a7c0-04362444151c,eater.pictures,available,15.49,15.49,high,low,5,namesilo,,,19/09/2026 09:42
069e0e1a-eb3d-4524-b1dc-92907c228586,crackling.pictures,available,14.99,18.99,high,low,9,name.com,,,13/08/2026 04:27
a50ee73e-b3ab-426c-93f5-6ba776b2fd62,tractors.pictures,available,15.49,15.49,medium,low,8,namesilo,,,21/09/2026 06:24
b02bdc1c-ca52-41de-87b7-88e92a5e4a13,dijon.pictures,available,16.48,20.98,high,low,5,namecheap,,,24/09/2026 22:19
2b8abc94-9047-42e6-8eaa-0eebea559e7c,showed.pictures,available,9.99,,medium,low,6,name.com,,,
4121f1d8-ad59-4791-a55b-63eb4c367071,obscurity.pictures,available,16.48,20.98,high,low,9,namecheap,,,16/09/2026 18:33
35fa51ae-f2f2-4a7a-b989-dbf049e0ce04,wraps.pictures,available,16.48,20.98,medium,low,5,namecheap,,,20/09/2026 11:16
272df19d-eff7-40ae-8fab-f248ea4535d0,opinions.pictures,available,15.49,15.49,medium,low,8,namesilo,,,17/09/2026 07:35
8140a194-5c97-4213-8458-b567a98e8671,cfa.pictures,available,15.34,15.34,high,low,3,namesilo,,,28/09/2026 03:42
b15df31a-be5d-45d2-8ba0-2db3974641d1,sasquatch.pictures,available,15.49,15.49,high,low,9,namesilo,,,23/09/2026 15:07
6c2772b7-4502-4c03-9e4b-d619bdd6bd82,hurry.pictures,available,15.49,15.49,high,low,5,namesilo,,,27/09/2026 17:14
447b611d-c00d-4dba-9cf4-0c76e393cfae,bambusa.pictures,available,15.49,15.49,high,low,7,namesilo,,,22/09/2026 00:41
a4f4da90-5972-4620-822d-d5ac3a6cf244,abc.pictures,premium,15.34,15.34,high,medium,3,namesilo,,,
94cf25f2-6786-4c67-820b-431d2294412e,cobalt.pictures,available,15.49,15.49,high,low,6,namesilo,,,20/09/2026 22:41
37c52a03-5b20-4895-bc93-b525d26c7e1b,governing.pictures,available,14.99,18.99,high,low,9,name.com,,,20/08/2026 17:20
80905069-4f1f-4f51-8a57-e04855b9f4a1,beleaguer.pictures,available,15.49,15.49,medium,low,9,namesilo,,,21/09/2026 17:03
decdaac0-5fc3-45de-b6e4-f53f1288d2b8,floccose.pictures,available,14.99,18.99,medium,low,8,name.com,,,18/08/2026 08:36
989b89bf-e324-40c4-b72f-e6163fb37044,redden.pictures,available,14.99,18.99,medium,low,6,name.com,,,13/08/2026 06:34
7f75e7d2-c666-4816-a36f-a59d91f8a8be,birken.pictures,available,14.99,18.99,medium,low,6,name.com,,,10/08/2026 06:03
fae71a5f-3de5-4558-86dd-76c724a4a16f,folk.pictures,available,15.49,15.49,high,low,4,namesilo,,,24/09/2026 16:32
f20d0efc-abdc-422f-a410-5bc41f292586,benchmark.pictures,available,15.49,15.49,high,low,9,namesilo,,,23/09/2026 07:38
2bbf7613-a734-4f6b-8836-4b81a7739d8b,vested.pictures,available,15.49,15.49,high,low,6,namesilo,,,13/09/2026 04:49
7db60475-3ed3-44c6-998c-51c0e1619b38,foul.pictures,available,14.99,18.99,high,low,4,name.com,,,
77f7fc40-921e-4a63-944d-7d412e3d59bc,drawn.pictures,available,15.49,15.49,high,low,5,namesilo,,,23/09/2026 12:57
11e47066-878b-4fa9-b154-1bf8e46f8f70,wain.pictures,available,15.49,15.49,medium,low,4,namesilo,,,23/09/2026 14:30
7eb3a7cc-f487-4f08-bdfd-90426308a1f3,cbd.pictures,premium,13.66,13.66,high,low,3,spaceship,,,28/09/2026 08:39
bda36a7f-35ef-4809-b165-f513edab1526,hangout.pictures,available,9.99,,high,low,8,name.com,,,
78f7b42e-0ff3-459a-a22f-155d494ffac9,transylvania.pictures,available,8.24,12.87,high,low,12,porkbun,,,27/09/2026 18:35
d4ebf2f0-2695-422b-9b03-97bd4626b712,prelate.pictures,available,16.48,20.98,medium,low,7,namecheap,,,20/09/2026 02:36
675d32da-3f6f-43de-ac4e-8d183b632104,elective.pictures,available,14.99,18.99,high,low,8,name.com,,,16/08/2026 02:33
dbaa5283-77c7-4c27-953d-7d67688a2b92,motorized.pictures,available,14.99,18.99,high,low,9,name.com,,,24/08/2026 18:45
55130419-1ccf-4927-9129-1c64b468a94e,triumphant.pictures,available,14.99,18.99,high,low,10,name.com,,,17/08/2026 19:56
521bf90b-b669-4197-a2f6-af36626951a8,ribbon.pictures,available,9.99,,high,low,6,name.com,,,
67218bcf-0210-4617-bb4f-6491d6612551,abraham.pictures,available,15.49,15.49,high,low,7,namesilo,,,16/09/2026 16:50
606c8372-f8f3-419a-bcee-fe7e057155f6,chaldea.pictures,available,15.49,15.49,medium,low,7,namesilo,,,21/09/2026 13:52
5bffb23f-04ee-4183-8a9f-a043283a55b3,fain.pictures,available,14.99,18.99,medium,low,4,name.com,,,14/08/2026 12:05
6fdd55e4-a6c0-43b8-9699-7ba900ad181b,closer.pictures,available,9.99,,high,low,6,name.com,,,
0cb57fcd-41c8-4074-9488-f62db3048064,usage.pictures,available,15.49,15.49,high,low,5,namesilo,,,24/09/2026 04:06
6d72502d-34fd-4ede-bef7-8478c57152e9,survey.pictures,available,9.99,,high,low,6,name.com,,,
2d69b8a9-04c7-414b-9b1c-4b66f081fb9a,soiled.pictures,available,14.99,18.99,medium,low,6,name.com,,,14/08/2026 09:10
431441dc-d01d-496c-9489-efdf93f5754b,bismarck.pictures,available,15.49,15.49,high,low,8,namesilo,,,23/09/2026 22:03
78b38f7c-81f0-4bc7-b350-1ac8bc4d1653,paramedic.pictures,available,15.49,15.49,high,low,9,namesilo,,,08/09/2026 00:59
0f7fb852-1091-4015-938d-54ddc767a254,minder.pictures,available,15.49,15.49,medium,low,6,namesilo,,,21/09/2026 13:29
35859f35-447c-4c2a-8887-313acd9abd5f,jargon.pictures,available,15.49,15.49,high,low,6,namesilo,,,13/09/2026 04:10
d001ba97-fd91-45b2-ae6a-206ce82d0854,centesimal.pictures,available,14.99,18.99,medium,low,10,name.com,,,
a7aac8dd-42d4-445c-a8ed-fb21b3c381eb,browned.pictures,available,14.99,18.99,medium,low,7,name.com,,,11/08/2026 06:29
e615c5bf-ac89-40b7-a3e4-7791c9a86280,arcadic.pictures,available,15.49,15.49,medium,low,7,namesilo,,,20/09/2026 01:36
fc6e9b8a-f47d-4ba5-87b8-0364bdadad74,filling.pictures,available,15.49,15.49,high,low,7,namesilo,,,25/09/2026 22:48
cceb97af-84ac-4c3f-99de-9882644e006b,gluttonous.pictures,available,14.99,18.99,medium,low,10,name.com,,,20/08/2026 15:32
733bed0f-5c31-48b9-8c75-b2f33e3a2d19,debonnaire.pictures,available,14.99,18.99,high,low,10,name.com,,,13/08/2026 20:46
cdcba11f-74fa-4a58-8f31-0aa30891c24c,dogmatic.pictures,available,14.99,18.99,medium,low,8,name.com,,,14/08/2026 15:09
e920feea-d621-4aa4-9e86-59c7268e9449,jewellery.pictures,available,9.99,,high,low,9,name.com,,,
bf437aa1-ec95-4d29-a20e-b43700220a3c,peafowl.pictures,available,16.48,20.98,high,low,7,namecheap,,,23/09/2026 20:05
1f8b87af-fa82-4ec5-a035-f443ea169eef,unhelpful.pictures,available,15.49,15.49,medium,low,9,namesilo,,,12/09/2026 12:26
a3a92b7d-120a-4478-ba1f-a25884e026b6,congrats.pictures,available,9.99,,high,low,8,name.com,,,
79c9ad72-1c1e-45b5-8919-9b03c5965c2a,unschooled.pictures,available,16.48,20.98,medium,low,10,namecheap,,,12/09/2026 18:54
791079ff-3372-4968-a622-773f1251c054,henpecked.pictures,available,14.99,18.99,medium,low,9,name.com,,,21/08/2026 06:42
c10ac8f4-7dec-468e-b06a-b6cf8706e012,passive.pictures,available,15.49,15.49,high,low,7,namesilo,,,27/09/2026 02:56
b9ba5cb9-ade0-4e2a-854b-e968006c02ee,cleanable.pictures,available,14.99,18.99,medium,low,9,name.com,,,12/08/2026 10:19
4566a7f3-cb57-4758-b5f2-886e7bc847bc,airless.pictures,available,14.99,18.99,medium,low,7,name.com,,,
4fc721b8-f2a8-4788-b19b-7795fc6bbb4f,ailment.pictures,available,14.99,18.99,medium,low,7,name.com,,,21/08/2026 18:47
7c909d08-49c4-4d31-bde4-18a771a08e84,turnout.pictures,available,9.99,,high,low,8,name.com,,,
4685915f-c722-4187-8ba6-22eaf4d6e49f,midautumn.pictures,available,15.49,15.49,high,low,9,namesilo,,,17/09/2026 10:02
56817df6-26da-4dc5-8855-8c1e59df7aa6,outlandish.pictures,available,14.99,18.99,medium,low,10,name.com,,,10/08/2026 10:37
72510819-a60a-4788-8b4f-f46cc58f3b4e,volitional.pictures,available,15.49,15.49,medium,low,10,namesilo,,,13/09/2026 06:50
83440779-8d04-4720-8685-ab0f8ab30b52,humane.pictures,available,16.48,20.98,high,low,6,namecheap,,,25/09/2026 06:31
908480f4-b1d7-4f40-8a40-2491b1045865,skilled.pictures,available,15.49,15.49,high,low,7,namesilo,,,27/09/2026 22:20
2d8b9372-3314-4537-9a0b-29977ba7509b,variably.pictures,available,15.49,15.49,medium,low,8,namesilo,,,16/09/2026 10:46
1381610b-264f-400a-b38f-14cbe7aba970,plummy.pictures,available,15.49,15.49,medium,low,6,namesilo,,,08/09/2026 21:51
16399272-18da-459b-84bd-297ba3b4b9bd,alters.pictures,available,15.49,15.49,medium,low,6,namesilo,,,20/09/2026 13:23
a1e50947-ae5a-48ce-bbd8-b152474adf59,foreigner.pictures,available,14.99,18.99,high,low,9,name.com,,,
f3450ba2-e1dd-4bc1-b680-827bbc434973,seared.pictures,available,15.49,15.49,medium,low,6,namesilo,,,10/09/2026 00:52
1a7aa67d-bd4d-4af7-a188-44bf0a9adbd5,meuse.pictures,available,15.49,15.49,medium,low,5,namesilo,,,20/09/2026 04:35
58970f5d-1fd0-436f-bd5b-34f156ea5d10,mccormick.pictures,available,16.48,20.98,high,low,9,namecheap,,,25/09/2026 04:30
fda0dbd0-3757-4f35-900d-d9c34a370fbb,linear.pictures,available,14.99,18.99,high,low,6,name.com,,,
c1d6a60d-6c44-4eba-b3a5-df47548e9834,anathemise.pictures,available,14.99,18.99,low,low,10,name.com,,,13/08/2026 16:25
5eed4655-2313-4350-a378-9b98ac2d55d2,fought.pictures,available,9.99,,medium,low,6,name.com,,,
e6525c5a-9de2-4428-ab8f-d752d9a0f66a,composure.pictures,available,14.99,18.99,high,low,9,name.com,,,11/08/2026 14:55
f5ae272d-8a9f-4ce8-b012-3aef83e5aed9,inimitable.pictures,available,14.99,18.99,high,low,10,name.com,,,22/08/2026 05:23
5496b4c6-40ec-41f2-bb55-bab7b9ac3e5c,prompter.pictures,available,16.48,20.98,high,low,8,namecheap,,,21/09/2026 06:13
f3ce51b4-f66b-4029-873d-95d3eecd7c80,agnostic.pictures,available,15.49,15.49,high,low,8,namesilo,,,21/09/2026 23:11
aa71b193-7ca7-48c2-99f9-4c858d4e817e,clathrate.pictures,available,14.99,18.99,medium,low,9,name.com,,,11/08/2026 16:23
a56e1b1d-43ba-4f15-8148-3eb3b45df854,pepsi.pictures,available,,,high,low,5,,,,
4022a91b-f6b6-472d-aeeb-d6252133f334,estimators.pictures,available,15.49,15.49,medium,low,10,namesilo,,,20/09/2026 23:34
86e62b7c-d326-4ffd-b44b-a363d4599368,casebook.pictures,available,15.49,15.49,high,low,8,namesilo,,,08/09/2026 03:38
cd4e1d2a-37a2-472c-b7f7-bbb8c3db5d6d,panther.pictures,available,9.99,,high,low,7,name.com,,,
27a0e716-5c58-4ac1-a44b-aa01ca5cf919,answering.pictures,available,15.49,15.49,high,low,9,namesilo,,,22/09/2026 05:38
4f784229-94e7-4262-9c7b-cc82453df7d7,blastema.pictures,available,15.49,15.49,medium,low,8,namesilo,,,24/09/2026 04:21
d89721dd-d22e-4665-8d4c-86a9116ffda1,receives.pictures,available,15.49,15.49,medium,low,8,namesilo,,,18/09/2026 17:46
706190ee-fa5a-4bf5-94e2-848c438a8fa7,teasing.pictures,available,15.49,15.49,high,low,7,namesilo,,,22/09/2026 05:24
687d7402-8c40-4bae-8811-09cab2216a85,consulting.pictures,available,9.99,,high,low,10,name.com,,,
b8533094-a8d6-41c9-82f4-0280a2ce294b,basics.pictures,available,9.99,,high,low,6,name.com,,,
30db87f8-e3ac-4aa5-b73d-b891d5a272c5,immediate.pictures,available,16.48,20.98,high,low,9,namecheap,,,23/09/2026 22:04
e2239c46-33b8-4776-bdd7-99e22e872218,coalescent.pictures,available,14.99,18.99,medium,low,10,name.com,,,12/08/2026 13:51
aa028ce4-b394-481c-b96e-93891d8fcffc,fuzzed.pictures,available,14.99,18.99,medium,low,6,name.com,,,18/08/2026 19:20
9180560d-ed00-47fe-a54d-f4be70d7455d,extended.pictures,available,14.99,18.99,high,low,8,name.com,,,14/08/2026 18:31
d1e48547-668c-44c1-8925-5e2bf140dbf7,carambola.pictures,available,16.48,20.98,medium,low,9,namecheap,,,21/09/2026 09:14
57b2f4fa-c3b7-4070-b13f-ee65bfde96fb,increased.pictures,available,15.49,15.49,high,low,9,namesilo,,,25/09/2026 08:09
e3d7f3e7-c717-43a9-92e4-92f2a579d3d2,mindfully.pictures,available,15.49,15.49,high,low,9,namesilo,,,13/09/2026 17:29
f24c3d5c-6295-4bfd-bbc9-90e13119b450,adjusted.pictures,available,15.49,15.49,high,low,8,namesilo,,,21/09/2026 18:42
16356e0f-0b32-4005-a53f-be53fd317b1d,updates.pictures,available,16.48,20.98,medium,low,7,namecheap,,,20/09/2026 08:39
d06f8922-1c40-491e-baa7-a6fc8cb6678d,paniculate.pictures,available,15.49,15.49,medium,low,10,namesilo,,,05/09/2026 01:01
c7ed9fcb-e1f3-4978-bd0f-c3949fc8d065,gusts.pictures,available,15.49,15.49,medium,low,5,namesilo,,,20/09/2026 20:54
d0fe5fb7-ca01-40bc-9221-0db7aa199ece,seattle.pictures,premium,242,242,high,low,7,namesilo,,,
888ad271-a61c-40dd-ab46-4d8066f3506b,been.pictures,available,9.99,,medium,low,4,name.com,,,
6cc717eb-dde8-485d-ae58-c2d312979905,glitter.pictures,available,9.99,,high,low,7,name.com,,,
6e2b7d08-78f4-48fb-aa26-733f67bc623d,mexicans.pictures,available,15.49,15.49,medium,low,8,namesilo,,,18/09/2026 23:08
bc2f3c2a-5754-4ca5-ae43-7c00f6003328,heavenward.pictures,available,14.99,18.99,medium,low,10,name.com,,,21/08/2026 02:31
4d67661d-7691-4ec2-8db2-c1d69355e00a,sift.pictures,available,9.99,,high,low,4,name.com,,,
d1c77ca4-dfbf-4936-b243-1cb4631257f5,loquacious.pictures,available,14.99,18.99,medium,low,10,name.com,,,12/08/2026 03:22
e3c6f1f2-b950-4259-8554-d288131e7957,pushed.pictures,available,14.99,18.99,medium,low,6,name.com,,,25/09/2026 18:24
42b58946-fda0-4c35-b264-077e93a2b73a,finer.pictures,available,14.99,18.99,high,low,5,name.com,,,18/08/2026 04:49
3145ac6a-4868-426f-92dd-d4804908f0a3,decreed.pictures,available,14.99,18.99,medium,low,7,name.com,,,13/08/2026 22:14
52f2993a-cad5-4998-88a2-d18910deefba,alternate.pictures,available,16.48,20.98,high,low,9,namecheap,,,22/09/2026 02:29
e5f2ed7b-4b17-4c23-b175-9b2288d5aef1,iodized.pictures,available,14.99,18.99,medium,low,7,name.com,,,22/08/2026 09:18
94c45bf4-2eda-49e3-ac51-490f8e188cb5,bathymetry.pictures,available,15.49,15.49,medium,low,10,namesilo,,,22/09/2026 13:55
fb431f4d-4c3e-4979-b9f6-44db5c75a54d,caustic.pictures,available,14.99,18.99,medium,low,7,name.com,,,
761dc836-a37d-4a1e-b49a-a84a493ec1c1,owns.pictures,available,15.49,15.49,medium,low,4,namesilo,,,18/09/2026 16:37
dacee99a-e0be-4821-96e7-976ac892c18e,surrounded.pictures,available,14.99,18.99,high,low,10,name.com,,,16/08/2026 22:16
4fa052da-4100-4f28-9960-169a37b9b486,contrived.pictures,available,14.99,18.99,medium,low,9,name.com,,,12/08/2026 23:42
de56e216-f119-49ec-b9f6-382f18d7dfcf,runner.pictures,available,15.49,15.49,high,low,6,namesilo,,,21/09/2026 22:22
60aa2d2b-28db-4ccd-97f7-6d036fb49ee2,thawing.pictures,available,14.99,18.99,medium,low,7,name.com,,,24/08/2026 19:47
cc44dd47-9b63-4652-a5b1-a7352af3d07a,smartness.pictures,available,14.99,18.99,high,low,9,name.com,,,12/08/2026 04:49
20d44646-854a-4226-a1a9-df2cf03db8db,luigi.pictures,available,15.49,15.49,high,low,5,namesilo,,,27/09/2026 07:36
501f3f21-f0bd-4c7e-a5f3-252bc288871d,bosnia.pictures,available,16.48,20.98,high,low,6,namecheap,,,25/09/2026 02:00
e4b25f18-a9be-4407-9ff3-f9ab40a688b1,anodal.pictures,available,15.49,15.49,medium,low,6,namesilo,,,
09304622-de0d-4469-a734-8165423df704,agelong.pictures,available,14.99,18.99,medium,low,7,name.com,,,
b0fbb992-b504-4070-82b2-119b3ac76c6d,lissome.pictures,available,14.99,18.99,medium,low,7,name.com,,,23/08/2026 23:39
344af2fd-eda1-4073-83c1-7a9335f8b5f6,psyche.pictures,available,9.99,,high,low,6,name.com,,,
2e77c0ba-f0c9-4425-a06a-a3a86ea7d0a2,homey.pictures,available,14.99,18.99,high,low,5,name.com,,,21/08/2026 11:06
d250aa78-757b-46b7-98a2-be36f375270d,nibbed.pictures,available,15.49,15.49,low,low,6,namesilo,,,03/09/2026 16:57